0,cufmmythz uccunk,F,Manager,Hyderabad,Operations,cufmmythz.uccunk@company.com
1,qwok asps,F,Executive,Pune,Operations,qwok.asps@company.com
2,vcfh twjcjxq,M,Manager,Delhi,Sales,vcfh.twjcjxq@company.com
3,buhuvhtqsi uoiytv,F,Executive,Pune,Technical,buhuvhtqsi.uoiytv@company.com
4,pfbt uzflcw,F,Manager,Pune,Technical,pfbt.uzflcw@company.com
5,feusqns qco,M,Executive,Mumbai,Operations,feusqns.qco@company.com
6,pwrhgv juhko,F,Region Head,Mumbai,Operations,pwrhgv.juhko@company.com
7,zoibamxuxr qrkshy,M,Region Head,Delhi,Technical,zoibamxuxr.qrkshy@company.com
8,frabvzejq pvvuhk,F,Executive,Mumbai,Sales,frabvzejq.pvvuhk@company.com
9,nqwdr lzkf,F,Region Head,Mumbai,Technical,nqwdr.lzkf@company.com
10,cigjyl cgzeq,M,Manager,Hyderabad,Technical,cigjyl.cgzeq@company.com
11,owxk kfif,F,Region Head,Pune,Sales,owxk.kfif@company.com
12,hiqwdzu lrjmg,M,Executive,Mumbai,Operations,hiqwdzu.lrjmg@company.com
13,sng yswsp,M,Executive,Bangalore,Technical,sng.yswsp@company.com
14,oixj wqzdgm,F,Executive,Pune,Sales,oixj.wqzdgm@company.com
15,otaerywxl uzk,F,Region Head,Mumbai,Operations,otaerywxl.uzk@company.com
16,gke mcsdh,F,Region Head,Bangalore,Operations,gke.mcsdh@company.com
17,uripjipwtw fbqt,M,Region Head,Hyderabad,Technical,uripjipwtw.fbqt@company.com
18,xtbtagnre yzyh,F,Executive,Pune,Sales,xtbtagnre.yzyh@company.com
19,newjfhj egb,F,Region Head,Hyderabad,Operations,newjfhj.egb@company.com
20,qbefpyz jqpliq,M,Executive,Mumbai,Technical,qbefpyz.jqpliq@company.com
21,crd iuvyyf,M,Manager,Bangalore,Technical,crd.iuvyyf@company.com
22,zutyocrdy bjr,M,Manager,Hyderabad,Operations,zutyocrdy.bjr@company.com
23,ygoi donj,M,Manager,Pune,Operations,ygoi.donj@company.com
24,vnbpzvrz rnzeqwp,F,Executive,Bangalore,Technical,vnbpzvrz.rnzeqwp@company.com
25,rmyuxfk sbtet,F,Executive,Hyderabad,Sales,rmyuxfk.sbtet@company.com
26,zglgmzt lrgcnib,F,Region Head,Hyderabad,Operations,zglgmzt.lrgcnib@company.com
27,fghsvwq umz,F,Region Head,Bangalore,Operations,fghsvwq.umz@company.com
28,jbljyii balkw,F,Executive,Hyderabad,Technical,jbljyii.balkw@company.com
29,saonbyboyk wwrnmcw,M,Manager,Mumbai,Technical,saonbyboyk.wwrnmcw@company.com
30,gybgmkhd nbawy,M,Manager,Mumbai,Technical,gybgmkhd.nbawy@company.com
31,oykhu fmjed,F,Region Head,Bangalore,Sales,oykhu.fmjed@company.com
32,rnwola lrr,F,Region Head,Mumbai,Operations,rnwola.lrr@company.com
33,nqweg wfdyoa,F,Region Head,Hyderabad,Sales,nqweg.wfdyoa@company.com
34,edxdumfn ndcaag,M,Region Head,Delhi,Sales,edxdumfn.ndcaag@company.com
35,rxqhbu qnbbeyv,M,Manager,Bangalore,Technical,rxqhbu.qnbbeyv@company.com
36,selpuezas mbpl,F,Manager,Pune,Operations,selpuezas.mbpl@company.com
37,ywxctvbt vpyh,M,Executive,Bangalore,Technical,ywxctvbt.vpyh@company.com
38,yefvo rtrfqh,M,Region Head,Mumbai,Sales,yefvo.rtrfqh@company.com
39,txvyzhvpe rfzd,F,Manager,Pune,Sales,txvyzhvpe.rfzd@company.com
40,mzwivtj eth,F,Region Head,Mumbai,Operations,mzwivtj.eth@company.com
41,imf lodw,F,Manager,Pune,Technical,imf.lodw@company.com
42,ffyfnr cpjak,F,Manager,Pune,Sales,ffyfnr.cpjak@company.com
43,fixavtbmhm uhacgii,M,Executive,Mumbai,Sales,fixavtbmhm.uhacgii@company.com
44,tcjcs toxooaz,F,Region Head,Pune,Technical,tcjcs.toxooaz@company.com
45,msiw watcj,F,Region Head,Pune,Sales,msiw.watcj@company.com
46,lfczu kipivx,M,Manager,Delhi,Operations,lfczu.kipivx@company.com
47,edc wzpiuvj,M,Manager,Delhi,Operations,edc.wzpiuvj@company.com
48,gxzva ouih,M,Executive,Pune,Sales,gxzva.ouih@company.com
49,zrqffue wsah,F,Manager,Mumbai,Operations,zrqffue.wsah@company.com
50,tze nqryeb,M,Manager,Mumbai,Operations,tze.nqryeb@company.com
51,loomf ayfexzd,M,Manager,Delhi,Sales,loomf.ayfexzd@company.com
52,gwzpz hkqmehe,M,Executive,Hyderabad,Technical,gwzpz.hkqmehe@company.com
53,sywfhkltj uvy,M,Executive,Delhi,Operations,sywfhkltj.uvy@company.com
54,lvdtaqox exuvec,F,Manager,Delhi,Operations,lvdtaqox.exuvec@company.com
55,xvoeifz kwghukf,F,Region Head,Delhi,Technical,xvoeifz.kwghukf@company.com
56,dafvh diqtz,M,Executive,Pune,Sales,dafvh.diqtz@company.com
57,nps nbvwiie,M,Executive,Pune,Operations,nps.nbvwiie@company.com
58,napnwjeaom ntdyjp,M,Region Head,Hyderabad,Operations,napnwjeaom.ntdyjp@company.com
59,wmqs clmlax,F,Region Head,Mumbai,Operations,wmqs.clmlax@company.com
60,jfilmwcfn thi,F,Executive,Pune,Operations,jfilmwcfn.thi@company.com
61,isahat ggire,F,Manager,Pune,Operations,isahat.ggire@company.com
62,jdlgbc igsxeh,F,Manager,Delhi,Sales,jdlgbc.igsxeh@company.com
63,xiotphzm oghaam,M,Manager,Hyderabad,Technical,xiotphzm.oghaam@company.com
64,ccebuk xlh,F,Executive,Hyderabad,Operations,ccebuk.xlh@company.com
65,njiwo eandaki,M,Executive,Bangalore,Sales,njiwo.eandaki@company.com
66,ovzzuo ovzlnj,F,Manager,Mumbai,Technical,ovzzuo.ovzlnj@company.com
67,tkkqoyl rmxgy,F,Manager,Bangalore,Technical,tkkqoyl.rmxgy@company.com
68,hwroenvsc vuczls,M,Region Head,Mumbai,Sales,hwroenvsc.vuczls@company.com
69,kmtgak bgx,M,Region Head,Pune,Sales,kmtgak.bgx@company.com
70,zzukwj nht,F,Region Head,Delhi,Sales,zzukwj.nht@company.com
71,fivk cvjfck,M,Executive,Bangalore,Technical,fivk.cvjfck@company.com
72,syoppj dacxi,M,Executive,Hyderabad,Sales,syoppj.dacxi@company.com
73,vbpvi txjnt,M,Executive,Mumbai,Sales,vbpvi.txjnt@company.com
74,kiqpe xke,M,Region Head,Pune,Technical,kiqpe.xke@company.com
75,whuqkktchs mmn,F,Manager,Mumbai,Technical,whuqkktchs.mmn@company.com
76,rdcoetzfqb dij,M,Region Head,Pune,Technical,rdcoetzfqb.dij@company.com
77,kgysttfp vtl,M,Executive,Pune,Sales,kgysttfp.vtl@company.com
78,crcu tnqexmq,F,Manager,Delhi,Technical,crcu.tnqexmq@company.com
79,abcl ujdgqh,M,Region Head,Pune,Sales,abcl.ujdgqh@company.com
80,gydxho jnyy,F,Manager,Bangalore,Sales,gydxho.jnyy@company.com
81,yjcxr dsezs,M,Manager,Mumbai,Operations,yjcxr.dsezs@company.com
82,pgzrsvukia enmdx,F,Executive,Pune,Technical,pgzrsvukia.enmdx@company.com
83,hymvmzp kzwhdp,M,Executive,Hyderabad,Technical,hymvmzp.kzwhdp@company.com
84,jkdaffa eqdqnyv,F,Manager,Pune,Sales,jkdaffa.eqdqnyv@company.com
85,nsg pucrkr,M,Region Head,Delhi,Operations,nsg.pucrkr@company.com
86,jrxjjosxv cnvyxdy,F,Executive,Pune,Sales,jrxjjosxv.cnvyxdy@company.com
87,rghkcysb sec,F,Manager,Delhi,Sales,rghkcysb.sec@company.com
88,onggosphik akgp,M,Manager,Mumbai,Operations,onggosphik.akgp@company.com
89,brreupbz isnv,M,Executive,Mumbai,Sales,brreupbz.isnv@company.com
90,cyc idxi,M,Executive,Pune,Operations,cyc.idxi@company.com
91,sznoen eez,F,Region Head,Mumbai,Technical,sznoen.eez@company.com
92,ortdy gvlix,M,Region Head,Bangalore,Sales,ortdy.gvlix@company.com
93,yyuhbrgwfw syz,M,Manager,Pune,Operations,yyuhbrgwfw.syz@company.com
94,uuaa karm,F,Region Head,Delhi,Technical,uuaa.karm@company.com
95,tdhrewkoi kqrzms,M,Region Head,Hyderabad,Operations,tdhrewkoi.kqrzms@company.com
96,zurhu ncti,M,Region Head,Pune,Operations,zurhu.ncti@company.com
97,nfbfphp ecu,F,Region Head,Delhi,Technical,nfbfphp.ecu@company.com
98,zvdlfzrvb wfaxyz,F,Region Head,Pune,Operations,zvdlfzrvb.wfaxyz@company.com
99,eysg uda,M,Region Head,Hyderabad,Sales,eysg.uda@company.com
100,rtgu miz,F,Manager,Pune,Operations,rtgu.miz@company.com
101,htsxso rwz,F,Executive,Delhi,Operations,htsxso.rwz@company.com
102,waerzmsm dck,M,Executive,Hyderabad,Sales,waerzmsm.dck@company.com
103,oqbi xeki,M,Region Head,Pune,Technical,oqbi.xeki@company.com
104,qhtvoc hfeh,M,Region Head,Delhi,Sales,qhtvoc.hfeh@company.com
105,ewnmflgl szirmm,F,Region Head,Bangalore,Operations,ewnmflgl.szirmm@company.com
106,aaclya trk,M,Executive,Bangalore,Operations,aaclya.trk@company.com
107,irwxsxroz kqthi,M,Manager,Hyderabad,Sales,irwxsxroz.kqthi@company.com
108,bklq gttd,M,Executive,Delhi,Operations,bklq.gttd@company.com
109,zvzbtqpcg qxdqj,M,Region Head,Delhi,Operations,zvzbtqpcg.qxdqj@company.com
110,hie xizfqj,F,Manager,Delhi,Technical,hie.xizfqj@company.com
111,qfdmovftns ycp,M,Executive,Bangalore,Sales,qfdmovftns.ycp@company.com
112,bhppygb wihpb,F,Manager,Mumbai,Sales,bhppygb.wihpb@company.com
113,obvwi kret,F,Manager,Pune,Technical,obvwi.kret@company.com
114,nbckwtlq xsdg,M,Region Head,Bangalore,Operations,nbckwtlq.xsdg@company.com
115,ooretia cin,M,Region Head,Pune,Technical,ooretia.cin@company.com
116,nmhaowf nrucov,F,Region Head,Pune,Sales,nmhaowf.nrucov@company.com
117,cutmib qzwgss,M,Region Head,Hyderabad,Technical,cutmib.qzwgss@company.com
118,hwjnbi fjqvdlf,F,Manager,Bangalore,Technical,hwjnbi.fjqvdlf@company.com
119,svrmymm bppuver,F,Executive,Pune,Sales,svrmymm.bppuver@company.com
120,tcsg kiabyll,F,Region Head,Delhi,Technical,tcsg.kiabyll@company.com
121,gtmn gwa,M,Manager,Mumbai,Sales,gtmn.gwa@company.com
122,harygoxirj ollk,F,Region Head,Pune,Technical,harygoxirj.ollk@company.com
123,nhbaehtu rlzf,M,Manager,Pune,Sales,nhbaehtu.rlzf@company.com
124,rfcjbbaqkj bgycyq,M,Region Head,Pune,Sales,rfcjbbaqkj.bgycyq@company.com
125,gymiaqkk sqa,M,Manager,Delhi,Technical,gymiaqkk.sqa@company.com
126,iyyavnh aatean,F,Manager,Mumbai,Sales,iyyavnh.aatean@company.com
127,djmyoz dkly,M,Executive,Bangalore,Operations,djmyoz.dkly@company.com
128,kaivbg vxgkp,F,Executive,Pune,Technical,kaivbg.vxgkp@company.com
129,jozo wxv,M,Manager,Pune,Technical,jozo.wxv@company.com
130,ucrzwfjagd mumlhf,M,Region Head,Hyderabad,Sales,ucrzwfjagd.mumlhf@company.com
131,ovl ehcnu,M,Region Head,Pune,Operations,ovl.ehcnu@company.com
132,hmfqh wwqdeka,M,Executive,Delhi,Technical,hmfqh.wwqdeka@company.com
133,dai uulxeio,F,Region Head,Mumbai,Operations,dai.uulxeio@company.com
134,fhdgw gqccqhj,M,Executive,Mumbai,Sales,fhdgw.gqccqhj@company.com
135,igrrnjzb epoww,F,Executive,Bangalore,Operations,igrrnjzb.epoww@company.com
136,duaprfr hdstuow,F,Manager,Hyderabad,Operations,duaprfr.hdstuow@company.com
137,oevvggbex vkudv,M,Executive,Delhi,Operations,oevvggbex.vkudv@company.com
138,ogfhcugebp epeys,M,Region Head,Pune,Technical,ogfhcugebp.epeys@company.com
139,lbmael gsmlyu,F,Executive,Delhi,Sales,lbmael.gsmlyu@company.com
140,jzns igux,M,Region Head,Mumbai,Sales,jzns.igux@company.com
141,cemmnkcmw otons,F,Executive,Hyderabad,Sales,cemmnkcmw.otons@company.com
142,sjjulnab xsdsuu,F,Executive,Pune,Technical,sjjulnab.xsdsuu@company.com
143,cszia tzoajo,F,Executive,Pune,Operations,cszia.tzoajo@company.com
144,jwt mqgu,M,Executive,Delhi,Technical,jwt.mqgu@company.com
145,gmdddc fpatfvx,M,Region Head,Pune,Sales,gmdddc.fpatfvx@company.com
146,ntv luhs,M,Executive,Pune,Sales,ntv.luhs@company.com
147,asumvvupx byetj,F,Manager,Delhi,Sales,asumvvupx.byetj@company.com
148,vlk baiccwf,F,Executive,Pune,Sales,vlk.baiccwf@company.com
149,vvcvkfbwmm tnozyfb,F,Manager,Hyderabad,Technical,vvcvkfbwmm.tnozyfb@company.com
150,gfzxgo asdnpb,M,Region Head,Mumbai,Technical,gfzxgo.asdnpb@company.com
151,ykt aeal,M,Executive,Hyderabad,Technical,ykt.aeal@company.com
152,arfyeafno xkk,M,Manager,Mumbai,Technical,arfyeafno.xkk@company.com
153,ugwibyekn xtapx,M,Region Head,Delhi,Technical,ugwibyekn.xtapx@company.com
154,fkh cuw,M,Manager,Delhi,Sales,fkh.cuw@company.com
155,idiibov yysomo,M,Region Head,Mumbai,Sales,idiibov.yysomo@company.com
156,msgfhnxt pvs,M,Executive,Delhi,Operations,msgfhnxt.pvs@company.com
157,wojto jrbdbds,F,Executive,Hyderabad,Operations,wojto.jrbdbds@company.com
158,kvq dirgm,M,Region Head,Hyderabad,Operations,kvq.dirgm@company.com
159,kpigarwock ghg,F,Manager,Bangalore,Operations,kpigarwock.ghg@company.com
160,cyf vanr,M,Region Head,Pune,Technical,cyf.vanr@company.com
161,laf zkruy,M,Manager,Delhi,Operations,laf.zkruy@company.com
162,hkdddnmf rmqukag,M,Region Head,Pune,Technical,hkdddnmf.rmqukag@company.com
163,sfzrc lnex,F,Executive,Hyderabad,Technical,sfzrc.lnex@company.com
164,lvrc wffgnna,M,Manager,Pune,Technical,lvrc.wffgnna@company.com
165,irlatprnc qdgt,M,Region Head,Bangalore,Operations,irlatprnc.qdgt@company.com
166,xwbblj kkd,F,Region Head,Pune,Technical,xwbblj.kkd@company.com
167,jykjufmgl mflgi,F,Region Head,Mumbai,Operations,jykjufmgl.mflgi@company.com
168,pxnex gjlrai,F,Executive,Hyderabad,Technical,pxnex.gjlrai@company.com
169,guotdel ewp,M,Executive,Pune,Technical,guotdel.ewp@company.com
170,pak mtj,F,Manager,Bangalore,Technical,pak.mtj@company.com
171,rcouzjk vmq,M,Executive,Pune,Operations,rcouzjk.vmq@company.com
172,wiojw bwh,F,Manager,Hyderabad,Sales,wiojw.bwh@company.com
173,vefnxx yibhjc,M,Executive,Hyderabad,Sales,vefnxx.yibhjc@company.com
174,kllyqqv zxs,F,Manager,Hyderabad,Sales,kllyqqv.zxs@company.com
175,cpluglrx nppugq,M,Region Head,Delhi,Technical,cpluglrx.nppugq@company.com
176,nyshxun tqqm,F,Region Head,Pune,Technical,nyshxun.tqqm@company.com
177,ozqkwucvxl yqdfxdp,M,Manager,Pune,Sales,ozqkwucvxl.yqdfxdp@company.com
178,crqmizry xpb,F,Manager,Pune,Operations,crqmizry.xpb@company.com
179,sor axiagn,F,Executive,Hyderabad,Technical,sor.axiagn@company.com
180,otiv wwhxll,M,Region Head,Pune,Sales,otiv.wwhxll@company.com
181,xaysvpe dfsz,M,Executive,Delhi,Technical,xaysvpe.dfsz@company.com
182,ivktqtgio dft,M,Manager,Pune,Sales,ivktqtgio.dft@company.com
183,glru rwcqpus,M,Executive,Delhi,Sales,glru.rwcqpus@company.com
184,yhpjlzpntm grb,F,Manager,Delhi,Sales,yhpjlzpntm.grb@company.com
185,vvn tac,M,Manager,Pune,Operations,vvn.tac@company.com
186,aikpgopb nplx,M,Region Head,Mumbai,Operations,aikpgopb.nplx@company.com
187,tic cwcakw,M,Region Head,Bangalore,Operations,tic.cwcakw@company.com
188,gjxeonkybp sly,M,Executive,Mumbai,Operations,gjxeonkybp.sly@company.com
189,lnsb ikecsdu,F,Executive,Pune,Operations,lnsb.ikecsdu@company.com
190,dmfvsctjdf hfjik,F,Manager,Mumbai,Technical,dmfvsctjdf.hfjik@company.com
191,rvnyrsh fpxps,F,Region Head,Mumbai,Technical,rvnyrsh.fpxps@company.com
192,fspqigyje pvtobsw,M,Executive,Pune,Technical,fspqigyje.pvtobsw@company.com
193,lec msoyis,F,Executive,Mumbai,Sales,lec.msoyis@company.com
194,efwy mzdux,M,Region Head,Delhi,Sales,efwy.mzdux@company.com
195,zlbsprwmha zxhui,M,Region Head,Delhi,Sales,zlbsprwmha.zxhui@company.com
196,nbqshgrsl bsmvt,F,Executive,Pune,Operations,nbqshgrsl.bsmvt@company.com
197,rljyzesb yxne,F,Executive,Pune,Operations,rljyzesb.yxne@company.com
198,sjmubymdk heaat,F,Executive,Bangalore,Technical,sjmubymdk.heaat@company.com
199,ttb gbo,F,Executive,Bangalore,Technical,ttb.gbo@company.com
200,ezwsfeysi nyogy,M,Region Head,Delhi,Sales,ezwsfeysi.nyogy@company.com
201,tasgesgrjh zexnxs,M,Executive,Bangalore,Technical,tasgesgrjh.zexnxs@company.com
202,nirvrk ygpgrl,F,Region Head,Hyderabad,Technical,nirvrk.ygpgrl@company.com
203,bzznj xsberd,M,Executive,Pune,Technical,bzznj.xsberd@company.com
204,sdyja gkimxyg,F,Region Head,Pune,Sales,sdyja.gkimxyg@company.com
205,vrap fezw,F,Executive,Delhi,Sales,vrap.fezw@company.com
206,xtsy xifi,M,Manager,Bangalore,Sales,xtsy.xifi@company.com
207,kmn bty,M,Manager,Bangalore,Technical,kmn.bty@company.com
208,nwpl pwjq,F,Executive,Bangalore,Technical,nwpl.pwjq@company.com
209,fzgf sjxjxsc,M,Region Head,Mumbai,Sales,fzgf.sjxjxsc@company.com
210,fhbmpozek pdv,F,Executive,Hyderabad,Operations,fhbmpozek.pdv@company.com
211,esat zyaacx,F,Region Head,Hyderabad,Technical,esat.zyaacx@company.com
212,rpjmfj qrisju,F,Executive,Mumbai,Operations,rpjmfj.qrisju@company.com
213,ornn scxgpg,F,Manager,Delhi,Sales,ornn.scxgpg@company.com
214,ufn ytbt,M,Manager,Pune,Sales,ufn.ytbt@company.com
215,bekepbl evbwc,M,Manager,Mumbai,Operations,bekepbl.evbwc@company.com
216,exfwf sbofhs,F,Manager,Delhi,Operations,exfwf.sbofhs@company.com
217,lxgn zbpc,M,Executive,Bangalore,Sales,lxgn.zbpc@company.com
218,nvafeiepi meyhdq,F,Executive,Pune,Technical,nvafeiepi.meyhdq@company.com
219,tuwnyd jkorqpp,F,Manager,Pune,Technical,tuwnyd.jkorqpp@company.com
220,xodah wscofno,M,Manager,Delhi,Technical,xodah.wscofno@company.com
221,cuir mnw,F,Region Head,Hyderabad,Sales,cuir.mnw@company.com
222,rlnkgn mii,F,Region Head,Hyderabad,Sales,rlnkgn.mii@company.com
223,oqdverqstz fvohno,M,Manager,Pune,Technical,oqdverqstz.fvohno@company.com
224,dqtyshmyc ticm,M,Region Head,Pune,Technical,dqtyshmyc.ticm@company.com
225,gyylrrxbdw jzfv,M,Executive,Delhi,Operations,gyylrrxbdw.jzfv@company.com
226,dncuoejbl kjwjq,M,Manager,Delhi,Technical,dncuoejbl.kjwjq@company.com
227,nyxoa egc,M,Executive,Delhi,Technical,nyxoa.egc@company.com
228,mpvvr aaxj,F,Executive,Pune,Operations,mpvvr.aaxj@company.com
229,ctcn zpmh,F,Region Head,Delhi,Technical,ctcn.zpmh@company.com
230,nzald xjlkvcp,F,Executive,Mumbai,Operations,nzald.xjlkvcp@company.com
231,ljglf hhr,F,Region Head,Mumbai,Sales,ljglf.hhr@company.com
232,nsvot evgr,F,Region Head,Delhi,Sales,nsvot.evgr@company.com
233,hdiohxktvf bvfz,M,Region Head,Bangalore,Operations,hdiohxktvf.bvfz@company.com
234,kgm irkmy,F,Executive,Pune,Sales,kgm.irkmy@company.com
235,mkqdh vhjhtuq,F,Executive,Hyderabad,Technical,mkqdh.vhjhtuq@company.com
236,njo ifn,F,Region Head,Delhi,Technical,njo.ifn@company.com
237,catzcurpb bxon,M,Manager,Pune,Sales,catzcurpb.bxon@company.com
238,aqs iye,F,Region Head,Hyderabad,Sales,aqs.iye@company.com
239,aalt mjrtj,M,Region Head,Pune,Sales,aalt.mjrtj@company.com
240,uxhaxlyvet vwnawek,F,Executive,Delhi,Technical,uxhaxlyvet.vwnawek@company.com
241,xpig svmjg,F,Region Head,Pune,Sales,xpig.svmjg@company.com
242,kkendsn lovbbmv,F,Manager,Mumbai,Sales,kkendsn.lovbbmv@company.com
243,kah cexa,M,Executive,Hyderabad,Operations,kah.cexa@company.com
244,mqfqrkgsb edequdx,M,Manager,Pune,Operations,mqfqrkgsb.edequdx@company.com
245,sisqlrf xxetrq,F,Manager,Hyderabad,Operations,sisqlrf.xxetrq@company.com
246,tdqlnv bez,M,Executive,Hyderabad,Operations,tdqlnv.bez@company.com
247,gqzx mbd,M,Manager,Mumbai,Technical,gqzx.mbd@company.com
248,qxc dorejul,M,Region Head,Pune,Technical,qxc.dorejul@company.com
249,kkjwreed hbadwo,M,Manager,Hyderabad,Operations,kkjwreed.hbadwo@company.com
250,vcaqly fcozz,F,Executive,Pune,Sales,vcaqly.fcozz@company.com
251,dcmfd dkpx,M,Manager,Delhi,Technical,dcmfd.dkpx@company.com
252,nfvud movkz,M,Manager,Hyderabad,Technical,nfvud.movkz@company.com
253,jfoo rpupema,M,Region Head,Delhi,Technical,jfoo.rpupema@company.com
254,tbqyxcnh hkyck,M,Executive,Mumbai,Technical,tbqyxcnh.hkyck@company.com
255,anixhwisk hqmiqj,F,Manager,Delhi,Operations,anixhwisk.hqmiqj@company.com
256,selcjc mxgwpy,M,Region Head,Hyderabad,Technical,selcjc.mxgwpy@company.com
257,alfbrjfxwf bua,F,Region Head,Pune,Operations,alfbrjfxwf.bua@company.com
258,mmqy ypeng,M,Region Head,Pune,Operations,mmqy.ypeng@company.com
259,eochm nvijcs,M,Manager,Bangalore,Sales,eochm.nvijcs@company.com
260,zfhkbclj xms,M,Region Head,Bangalore,Technical,zfhkbclj.xms@company.com
261,cewxjhm zjfoms,F,Region Head,Pune,Operations,cewxjhm.zjfoms@company.com
262,jrpwfbd kpc,M,Region Head,Pune,Sales,jrpwfbd.kpc@company.com
263,chyam wxcj,M,Region Head,Pune,Technical,chyam.wxcj@company.com
264,zytbbdj xzhb,F,Region Head,Pune,Technical,zytbbdj.xzhb@company.com
265,eblerwdw mzjw,F,Executive,Pune,Technical,eblerwdw.mzjw@company.com
266,ojermcjh dixc,M,Executive,Bangalore,Technical,ojermcjh.dixc@company.com
267,vgcia vstupbw,M,Executive,Delhi,Sales,vgcia.vstupbw@company.com
268,ylfvz rzz,M,Executive,Pune,Operations,ylfvz.rzz@company.com
269,pfbe puwaojt,M,Region Head,Hyderabad,Operations,pfbe.puwaojt@company.com
270,nccfigun sgrl,M,Manager,Delhi,Technical,nccfigun.sgrl@company.com
271,qxeqwe whm,M,Region Head,Bangalore,Operations,qxeqwe.whm@company.com
272,jsrj chqg,F,Region Head,Bangalore,Technical,jsrj.chqg@company.com
273,qmjjpfjnz foz,F,Executive,Bangalore,Technical,qmjjpfjnz.foz@company.com
274,qdr tpvrw,M,Region Head,Bangalore,Operations,qdr.tpvrw@company.com
275,iomdfwzw kusxnac,F,Executive,Delhi,Sales,iomdfwzw.kusxnac@company.com
276,hqbwucokw itu,F,Region Head,Delhi,Sales,hqbwucokw.itu@company.com
277,ejbf mlv,F,Region Head,Pune,Sales,ejbf.mlv@company.com
278,mgf jblj,M,Manager,Bangalore,Technical,mgf.jblj@company.com
279,olhkm ezqjv,F,Executive,Delhi,Sales,olhkm.ezqjv@company.com
280,izmbpjxkef qnxfvu,M,Executive,Hyderabad,Technical,izmbpjxkef.qnxfvu@company.com
281,lnu uzfjlo,M,Region Head,Pune,Sales,lnu.uzfjlo@company.com
282,zrtmoyy uni,F,Region Head,Pune,Operations,zrtmoyy.uni@company.com
283,sybzyxngew hftuk,M,Region Head,Mumbai,Operations,sybzyxngew.hftuk@company.com
284,fytegpnkrq chb,F,Manager,Mumbai,Technical,fytegpnkrq.chb@company.com
285,frva twhigue,F,Region Head,Hyderabad,Sales,frva.twhigue@company.com
286,rgum cuujq,M,Region Head,Pune,Sales,rgum.cuujq@company.com
287,qbkfwuljhu zymuxmg,M,Executive,Pune,Technical,qbkfwuljhu.zymuxmg@company.com
288,rvej lkus,F,Executive,Pune,Technical,rvej.lkus@company.com
289,wketto zoxxi,F,Executive,Bangalore,Sales,wketto.zoxxi@company.com
290,fxljbbkre xynuhto,M,Executive,Mumbai,Technical,fxljbbkre.xynuhto@company.com
291,ycalq kpirr,M,Executive,Hyderabad,Operations,ycalq.kpirr@company.com
292,gmawgc pujlhnp,M,Executive,Pune,Technical,gmawgc.pujlhnp@company.com
293,ocxdfybjyp xdcl,F,Manager,Pune,Operations,ocxdfybjyp.xdcl@company.com
294,qmhz trowyge,M,Executive,Pune,Sales,qmhz.trowyge@company.com
295,sktk enx,M,Executive,Pune,Sales,sktk.enx@company.com
296,bju hkwu,F,Manager,Hyderabad,Technical,bju.hkwu@company.com
297,nvo wdn,M,Executive,Delhi,Sales,nvo.wdn@company.com
298,vbvvzb udshxt,M,Region Head,Hyderabad,Sales,vbvvzb.udshxt@company.com
299,mbcvp tfzx,M,Region Head,Pune,Technical,mbcvp.tfzx@company.com
300,bdyuqrk hobbcq,F,Executive,Mumbai,Operations,bdyuqrk.hobbcq@company.com
301,egbqab exzdvi,F,Executive,Hyderabad,Technical,egbqab.exzdvi@company.com
302,srzggshg afxmm,M,Manager,Bangalore,Sales,srzggshg.afxmm@company.com
303,tkcnaurx ejd,M,Region Head,Mumbai,Sales,tkcnaurx.ejd@company.com
304,lhuebgrqc mcljytt,F,Region Head,Bangalore,Sales,lhuebgrqc.mcljytt@company.com
305,lehklafn erripzh,F,Executive,Mumbai,Technical,lehklafn.erripzh@company.com
306,ksrolcgkop vafajbi,M,Executive,Delhi,Operations,ksrolcgkop.vafajbi@company.com
307,pegqpo qxvpo,F,Executive,Mumbai,Operations,pegqpo.qxvpo@company.com
308,pygj yllz,M,Executive,Bangalore,Sales,pygj.yllz@company.com
309,wzkakkz yyoti,F,Manager,Delhi,Technical,wzkakkz.yyoti@company.com
310,lbxpjbi lfdcy,M,Region Head,Bangalore,Technical,lbxpjbi.lfdcy@company.com
311,yyytkxkwy nbmkhu,F,Executive,Delhi,Operations,yyytkxkwy.nbmkhu@company.com
312,oohhv donp,M,Region Head,Mumbai,Operations,oohhv.donp@company.com
313,cfjjfxx ylcynf,M,Manager,Pune,Technical,cfjjfxx.ylcynf@company.com
314,ykvrxyi ydbj,F,Manager,Bangalore,Operations,ykvrxyi.ydbj@company.com
315,ieq hcwpe,M,Region Head,Delhi,Operations,ieq.hcwpe@company.com
316,wawqzudo rza,M,Region Head,Pune,Sales,wawqzudo.rza@company.com
317,rovt ypvxyls,M,Executive,Pune,Operations,rovt.ypvxyls@company.com
318,lqlwjx uvrdn,F,Manager,Delhi,Operations,lqlwjx.uvrdn@company.com
319,mqdw njkdn,F,Manager,Pune,Technical,mqdw.njkdn@company.com
320,wfqzbq gfyed,M,Executive,Bangalore,Operations,wfqzbq.gfyed@company.com
321,vllzc jlqffgh,F,Region Head,Mumbai,Sales,vllzc.jlqffgh@company.com
322,yxqhrgt cxffxcm,F,Executive,Delhi,Technical,yxqhrgt.cxffxcm@company.com
323,sqg huu,F,Executive,Pune,Sales,sqg.huu@company.com
324,ioognupkj gcz,F,Region Head,Pune,Sales,ioognupkj.gcz@company.com
325,jtnzpjdba frzxkg,M,Manager,Bangalore,Operations,jtnzpjdba.frzxkg@company.com
326,rleu lrpuzg,M,Executive,Delhi,Technical,rleu.lrpuzg@company.com
327,lmmkruwelz kywr,F,Executive,Hyderabad,Sales,lmmkruwelz.kywr@company.com
328,pmvfvivws bvz,F,Manager,Delhi,Technical,pmvfvivws.bvz@company.com
329,ijiqtlpx rxwwc,M,Region Head,Pune,Sales,ijiqtlpx.rxwwc@company.com
330,pmq kwzbwq,F,Region Head,Delhi,Technical,pmq.kwzbwq@company.com
331,qwxetkwzus kstbw,M,Manager,Bangalore,Technical,qwxetkwzus.kstbw@company.com
332,eobcgzwfz edury,M,Executive,Delhi,Technical,eobcgzwfz.edury@company.com
333,rpqhr zuhgam,M,Manager,Pune,Operations,rpqhr.zuhgam@company.com
334,nquebkfjv cxglyxs,M,Manager,Mumbai,Operations,nquebkfjv.cxglyxs@company.com
335,wveedz gzcyvac,M,Region Head,Pune,Operations,wveedz.gzcyvac@company.com
336,ppmzytf oeuwtip,F,Manager,Bangalore,Operations,ppmzytf.oeuwtip@company.com
337,tgodl bddbnky,M,Region Head,Hyderabad,Operations,tgodl.bddbnky@company.com
338,qypsoi hhxoqku,F,Region Head,Pune,Operations,qypsoi.hhxoqku@company.com
339,tkf cztsko,F,Manager,Delhi,Sales,tkf.cztsko@company.com
340,npimify ugscbb,F,Executive,Pune,Technical,npimify.ugscbb@company.com
341,ccuq fmdrh,F,Manager,Pune,Sales,ccuq.fmdrh@company.com
342,obscgngcsf rljxuc,M,Manager,Delhi,Technical,obscgngcsf.rljxuc@company.com
343,afb byyjee,F,Region Head,Delhi,Technical,afb.byyjee@company.com
344,tyxeglo uemogu,F,Region Head,Bangalore,Sales,tyxeglo.uemogu@company.com
345,iurovpuyv shuvu,F,Region Head,Delhi,Sales,iurovpuyv.shuvu@company.com
346,wsfcatlpit bevvpif,M,Executive,Delhi,Sales,wsfcatlpit.bevvpif@company.com
347,hyxyaxe ltp,F,Region Head,Pune,Sales,hyxyaxe.ltp@company.com
348,nlevhz sikih,M,Manager,Hyderabad,Sales,nlevhz.sikih@company.com
349,uhqs xsaxesj,M,Executive,Bangalore,Technical,uhqs.xsaxesj@company.com
350,gbpoe wnxa,M,Manager,Hyderabad,Technical,gbpoe.wnxa@company.com
351,nifhzcl apfy,F,Manager,Delhi,Technical,nifhzcl.apfy@company.com
352,habp vucrtoq,F,Manager,Delhi,Technical,habp.vucrtoq@company.com
353,dswitmpdw qrqjqi,F,Executive,Hyderabad,Operations,dswitmpdw.qrqjqi@company.com
354,uguaul uedmv,F,Region Head,Hyderabad,Technical,uguaul.uedmv@company.com
355,ptookn bvnorgi,F,Region Head,Pune,Operations,ptookn.bvnorgi@company.com
356,fcniameupw cfo,F,Executive,Delhi,Sales,fcniameupw.cfo@company.com
357,qdoldrmfzv kolr,M,Executive,Pune,Technical,qdoldrmfzv.kolr@company.com
358,clmtixs xbofnh,F,Region Head,Hyderabad,Sales,clmtixs.xbofnh@company.com
359,tgipajizfl efwgb,M,Executive,Mumbai,Sales,tgipajizfl.efwgb@company.com
360,allvfwpme vloyqgg,F,Region Head,Pune,Operations,allvfwpme.vloyqgg@company.com
361,ydnzf ptia,M,Region Head,Bangalore,Sales,ydnzf.ptia@company.com
362,roknmxwkg oxd,F,Executive,Hyderabad,Technical,roknmxwkg.oxd@company.com
363,itqtth eigwrf,F,Region Head,Pune,Sales,itqtth.eigwrf@company.com
364,ibablba tbu,F,Region Head,Pune,Operations,ibablba.tbu@company.com
365,legguip qpgas,F,Region Head,Delhi,Sales,legguip.qpgas@company.com
366,bumlgy gapwei,F,Region Head,Delhi,Operations,bumlgy.gapwei@company.com
367,tizowhkcx mrhlaa,M,Manager,Bangalore,Technical,tizowhkcx.mrhlaa@company.com
368,idrni ufsja,F,Manager,Hyderabad,Operations,idrni.ufsja@company.com
369,hwdhsgk snxpok,M,Region Head,Pune,Operations,hwdhsgk.snxpok@company.com
370,ythy ata,F,Executive,Mumbai,Sales,ythy.ata@company.com
371,zliblx izv,M,Executive,Hyderabad,Sales,zliblx.izv@company.com
372,tskfcuebvo trvox,M,Executive,Pune,Operations,tskfcuebvo.trvox@company.com
373,fxaudmnx fhfdr,F,Manager,Pune,Sales,fxaudmnx.fhfdr@company.com
374,ndl dstm,F,Manager,Pune,Operations,ndl.dstm@company.com
375,shf smjzmcx,F,Executive,Mumbai,Operations,shf.smjzmcx@company.com
376,qeih vxpmu,F,Region Head,Bangalore,Operations,qeih.vxpmu@company.com
377,qhbxni nrzbzn,F,Manager,Pune,Sales,qhbxni.nrzbzn@company.com
378,tbofvgu gsikus,F,Manager,Hyderabad,Sales,tbofvgu.gsikus@company.com
379,jfpcfhwn jazw,F,Region Head,Hyderabad,Technical,jfpcfhwn.jazw@company.com
380,nyykafys rqtl,M,Executive,Hyderabad,Sales,nyykafys.rqtl@company.com
381,szmpra ylce,F,Executive,Bangalore,Technical,szmpra.ylce@company.com
382,fds fgxwgw,M,Executive,Bangalore,Operations,fds.fgxwgw@company.com
383,vscr glpylp,F,Executive,Pune,Sales,vscr.glpylp@company.com
384,wvcuggjufa juux,F,Manager,Bangalore,Operations,wvcuggjufa.juux@company.com
385,hcxom flw,F,Executive,Bangalore,Technical,hcxom.flw@company.com
386,phaxvhve maxautp,M,Manager,Pune,Operations,phaxvhve.maxautp@company.com
387,hkuuckotiy nbwgjks,F,Executive,Pune,Sales,hkuuckotiy.nbwgjks@company.com
388,yiln qqrky,M,Executive,Pune,Operations,yiln.qqrky@company.com
389,sxqdad kprzmgg,M,Region Head,Hyderabad,Operations,sxqdad.kprzmgg@company.com
390,zjlhgrwdqb sriixx,F,Region Head,Mumbai,Sales,zjlhgrwdqb.sriixx@company.com
391,fhloiqqoed biu,F,Executive,Delhi,Operations,fhloiqqoed.biu@company.com
392,rcvkhn tyrdr,M,Manager,Mumbai,Sales,rcvkhn.tyrdr@company.com
393,aivoznqjmx zwb,M,Region Head,Pune,Sales,aivoznqjmx.zwb@company.com
394,jrtwb kbgirl,F,Executive,Pune,Technical,jrtwb.kbgirl@company.com
395,aeujst eanxcf,M,Manager,Pune,Operations,aeujst.eanxcf@company.com
396,zmipn ikfzye,F,Executive,Pune,Technical,zmipn.ikfzye@company.com
397,qidzlning pzjjcb,F,Executive,Bangalore,Sales,qidzlning.pzjjcb@company.com
398,klvzl dbv,M,Region Head,Bangalore,Technical,klvzl.dbv@company.com
399,czbmxjc viwriw,M,Region Head,Delhi,Technical,czbmxjc.viwriw@company.com
400,asboormwhk dbcnyxu,M,Region Head,Mumbai,Sales,asboormwhk.dbcnyxu@company.com
401,fimtve mugaar,F,Manager,Mumbai,Technical,fimtve.mugaar@company.com
402,pbqv hgx,M,Manager,Pune,Sales,pbqv.hgx@company.com
403,zkbicn dgaecbe,M,Executive,Hyderabad,Sales,zkbicn.dgaecbe@company.com
404,hsrihfgi pqqjbk,F,Manager,Pune,Technical,hsrihfgi.pqqjbk@company.com
405,rccdgujy uua,M,Manager,Pune,Sales,rccdgujy.uua@company.com
406,hgcywnfiri tubcs,M,Executive,Bangalore,Technical,hgcywnfiri.tubcs@company.com
407,plgnu jhy,F,Region Head,Pune,Sales,plgnu.jhy@company.com
408,akziubab sthdrnv,F,Manager,Bangalore,Operations,akziubab.sthdrnv@company.com
409,zpsdwzizuh ier,M,Manager,Delhi,Technical,zpsdwzizuh.ier@company.com
410,giv vtu,F,Manager,Mumbai,Sales,giv.vtu@company.com
411,pgrfirudhs uhxya,M,Executive,Mumbai,Technical,pgrfirudhs.uhxya@company.com
412,niqtmxkv bomhpb,M,Manager,Mumbai,Technical,niqtmxkv.bomhpb@company.com
413,hemgnqkz zdg,F,Manager,Pune,Operations,hemgnqkz.zdg@company.com
414,mnyafcfje afcbfd,M,Executive,Pune,Sales,mnyafcfje.afcbfd@company.com
415,ydawru ucniwuo,F,Region Head,Pune,Sales,ydawru.ucniwuo@company.com
416,zplxlkohwv kuxpp,F,Executive,Bangalore,Technical,zplxlkohwv.kuxpp@company.com
417,sbbp fobf,F,Region Head,Pune,Sales,sbbp.fobf@company.com
418,rkgrv qyjlm,M,Region Head,Delhi,Sales,rkgrv.qyjlm@company.com
419,smqyhjd ngyqiqk,F,Executive,Pune,Operations,smqyhjd.ngyqiqk@company.com
420,sndic lkabn,F,Region Head,Delhi,Operations,sndic.lkabn@company.com
421,vuivyqb srsdx,F,Executive,Bangalore,Operations,vuivyqb.srsdx@company.com
422,holxk vwhbzf,F,Region Head,Delhi,Sales,holxk.vwhbzf@company.com
423,hbpfwiz ofjuut,M,Region Head,Pune,Technical,hbpfwiz.ofjuut@company.com
424,nmnbbgyf cypexh,F,Executive,Pune,Operations,nmnbbgyf.cypexh@company.com
425,ctbu qcwsrh,F,Executive,Pune,Technical,ctbu.qcwsrh@company.com
426,fvntdv wzetrn,F,Manager,Delhi,Operations,fvntdv.wzetrn@company.com
427,eyzgrmgt pqquo,M,Region Head,Bangalore,Operations,eyzgrmgt.pqquo@company.com
428,bgwhltxd qpm,F,Region Head,Delhi,Operations,bgwhltxd.qpm@company.com
429,eroyue qfn,F,Executive,Pune,Operations,eroyue.qfn@company.com
430,ylg ojvepbq,F,Executive,Pune,Sales,ylg.ojvepbq@company.com
431,fto aoxbyf,F,Executive,Delhi,Technical,fto.aoxbyf@company.com
432,muvcc twtkwz,F,Manager,Pune,Sales,muvcc.twtkwz@company.com
433,tqhmrftrz jnxhm,F,Manager,Pune,Sales,tqhmrftrz.jnxhm@company.com
434,iivvrrl otqpksd,M,Manager,Hyderabad,Technical,iivvrrl.otqpksd@company.com
435,trnmmubk toplg,F,Region Head,Hyderabad,Operations,trnmmubk.toplg@company.com
436,emebi toujt,F,Region Head,Mumbai,Technical,emebi.toujt@company.com
437,arvfehnbqp eeglba,M,Region Head,Pune,Technical,arvfehnbqp.eeglba@company.com
438,pcryyl ejuk,F,Region Head,Hyderabad,Technical,pcryyl.ejuk@company.com
439,wzhytdnit srn,F,Region Head,Hyderabad,Sales,wzhytdnit.srn@company.com
440,cldd apyebhb,F,Executive,Pune,Sales,cldd.apyebhb@company.com
441,acju qcolhn,F,Region Head,Mumbai,Operations,acju.qcolhn@company.com
442,iiof dxhatym,F,Executive,Delhi,Operations,iiof.dxhatym@company.com
443,dmyekkkbw dadzker,F,Executive,Delhi,Operations,dmyekkkbw.dadzker@company.com
444,djablfi fedvkas,M,Region Head,Pune,Operations,djablfi.fedvkas@company.com
445,pxkovh vggz,F,Manager,Hyderabad,Technical,pxkovh.vggz@company.com
446,gpclcwzop ilus,M,Region Head,Hyderabad,Operations,gpclcwzop.ilus@company.com
447,bwfs rsen,M,Executive,Mumbai,Operations,bwfs.rsen@company.com
448,tbqxzrey quowtnl,M,Region Head,Hyderabad,Operations,tbqxzrey.quowtnl@company.com
449,zsvyucgai fgxpgw,F,Executive,Pune,Technical,zsvyucgai.fgxpgw@company.com
450,cmmlqld eloif,M,Region Head,Pune,Operations,cmmlqld.eloif@company.com
451,ngozgi ypktksw,M,Manager,Mumbai,Sales,ngozgi.ypktksw@company.com
452,fpw qckwyvy,M,Executive,Pune,Technical,fpw.qckwyvy@company.com
453,jedhagri ykvav,M,Executive,Hyderabad,Operations,jedhagri.ykvav@company.com
454,cenvukxyet vfn,M,Region Head,Pune,Technical,cenvukxyet.vfn@company.com
455,gltjvajni axultid,F,Region Head,Bangalore,Operations,gltjvajni.axultid@company.com
456,eaexuvmozd dtmm,F,Region Head,Hyderabad,Operations,eaexuvmozd.dtmm@company.com
457,tzwvispoa rzybjt,M,Manager,Hyderabad,Operations,tzwvispoa.rzybjt@company.com
458,flp dhtf,M,Executive,Mumbai,Technical,flp.dhtf@company.com
459,ydqwp qwfusv,F,Region Head,Pune,Technical,ydqwp.qwfusv@company.com
460,fdbzocdfe bys,F,Manager,Pune,Technical,fdbzocdfe.bys@company.com
461,jwvdyjolyi nds,M,Executive,Pune,Technical,jwvdyjolyi.nds@company.com
462,utfsgnl eiis,M,Region Head,Bangalore,Technical,utfsgnl.eiis@company.com
463,yfi uaxkqr,M,Region Head,Hyderabad,Operations,yfi.uaxkqr@company.com
464,wrccknbvyv ckofj,M,Executive,Mumbai,Sales,wrccknbvyv.ckofj@company.com
465,ptkz fjehc,F,Manager,Bangalore,Technical,ptkz.fjehc@company.com
466,kjxdzyl aoctol,F,Manager,Pune,Operations,kjxdzyl.aoctol@company.com
467,gilbc rkguaa,M,Manager,Delhi,Technical,gilbc.rkguaa@company.com
468,lzw bttouct,M,Manager,Delhi,Sales,lzw.bttouct@company.com
469,zni idbee,M,Region Head,Hyderabad,Operations,zni.idbee@company.com
470,prkhg qqzcjv,M,Manager,Pune,Technical,prkhg.qqzcjv@company.com
471,gkbaew fwwhg,F,Region Head,Delhi,Operations,gkbaew.fwwhg@company.com
472,qfzpzctcqr tourxu,M,Region Head,Hyderabad,Sales,qfzpzctcqr.tourxu@company.com
473,ribg rgbedgw,M,Executive,Hyderabad,Operations,ribg.rgbedgw@company.com
474,ixys mapcnu,M,Region Head,Pune,Operations,ixys.mapcnu@company.com
475,zgqzebr ztqmy,M,Manager,Delhi,Technical,zgqzebr.ztqmy@company.com
476,vmkc iksi,F,Executive,Bangalore,Sales,vmkc.iksi@company.com
477,bhf fzhojvh,F,Executive,Mumbai,Operations,bhf.fzhojvh@company.com
478,rdhr jfgre,M,Manager,Delhi,Sales,rdhr.jfgre@company.com
479,kitmhuk uiyjzb,M,Region Head,Delhi,Technical,kitmhuk.uiyjzb@company.com
480,edncoij jxxpoci,F,Region Head,Hyderabad,Operations,edncoij.jxxpoci@company.com
481,xkzoyroaoi wkl,M,Manager,Bangalore,Sales,xkzoyroaoi.wkl@company.com
482,todto scf,F,Region Head,Delhi,Technical,todto.scf@company.com
483,lrg yjbor,F,Executive,Pune,Technical,lrg.yjbor@company.com
484,uldmxzt ocoipvs,M,Executive,Hyderabad,Technical,uldmxzt.ocoipvs@company.com
485,huveozm vdpvps,M,Executive,Pune,Technical,huveozm.vdpvps@company.com
486,pwkesadp jumr,F,Region Head,Pune,Technical,pwkesadp.jumr@company.com
487,gle afm,M,Manager,Hyderabad,Technical,gle.afm@company.com
488,jkqzzub mvey,F,Manager,Pune,Sales,jkqzzub.mvey@company.com
489,fgvoh dbof,M,Manager,Hyderabad,Technical,fgvoh.dbof@company.com
490,rzrt tkfxtba,F,Region Head,Hyderabad,Operations,rzrt.tkfxtba@company.com
491,qfk udludnx,M,Region Head,Mumbai,Sales,qfk.udludnx@company.com
492,vprjpcpb bgrsxyi,M,Executive,Mumbai,Sales,vprjpcpb.bgrsxyi@company.com
493,ldmw pnenedr,F,Region Head,Hyderabad,Operations,ldmw.pnenedr@company.com
494,bjdmn hhde,F,Region Head,Pune,Sales,bjdmn.hhde@company.com
495,byk jpfr,M,Region Head,Bangalore,Technical,byk.jpfr@company.com
496,dccye bre,M,Executive,Hyderabad,Technical,dccye.bre@company.com
497,ynkcpac afqwjva,F,Executive,Pune,Operations,ynkcpac.afqwjva@company.com
498,dmqulzdaw avicch,F,Executive,Pune,Technical,dmqulzdaw.avicch@company.com
499,tfefuwg jqvwgqw,M,Region Head,Bangalore,Technical,tfefuwg.jqvwgqw@company.com
500,meuxkfnbf csuq,M,Executive,Pune,Operations,meuxkfnbf.csuq@company.com
501,xvebepskzp uhhbp,F,Executive,Bangalore,Sales,xvebepskzp.uhhbp@company.com
502,lxleao yhc,M,Executive,Bangalore,Technical,lxleao.yhc@company.com
503,llajkyyz aihc,M,Executive,Delhi,Technical,llajkyyz.aihc@company.com
504,kzvtsloa bjql,M,Executive,Pune,Technical,kzvtsloa.bjql@company.com
505,ddecertako pakam,F,Executive,Delhi,Sales,ddecertako.pakam@company.com
506,pzrz nxgyil,F,Region Head,Mumbai,Technical,pzrz.nxgyil@company.com
507,msdcs zsn,M,Manager,Pune,Technical,msdcs.zsn@company.com
508,fzfhhte spt,F,Region Head,Delhi,Operations,fzfhhte.spt@company.com
509,itpyihus qet,M,Executive,Hyderabad,Sales,itpyihus.qet@company.com
510,wcjpy cmhson,F,Executive,Bangalore,Sales,wcjpy.cmhson@company.com
511,vvzqvmd apnx,M,Executive,Pune,Sales,vvzqvmd.apnx@company.com
512,hgrlz umqhd,F,Manager,Mumbai,Technical,hgrlz.umqhd@company.com
513,dvb wop,M,Manager,Bangalore,Technical,dvb.wop@company.com
514,tsvkmhzcm axysdj,F,Manager,Bangalore,Operations,tsvkmhzcm.axysdj@company.com
515,ffovu dxt,F,Region Head,Bangalore,Technical,ffovu.dxt@company.com
516,xle uwslr,F,Executive,Pune,Sales,xle.uwslr@company.com
517,auruu yfvp,F,Executive,Pune,Sales,auruu.yfvp@company.com
518,tgqpqhchd urggdi,M,Manager,Pune,Sales,tgqpqhchd.urggdi@company.com
519,whfb ftjeh,F,Region Head,Pune,Technical,whfb.ftjeh@company.com
520,umy uau,F,Region Head,Mumbai,Operations,umy.uau@company.com
521,cbf bfo,F,Executive,Bangalore,Operations,cbf.bfo@company.com
522,wzo ezril,F,Region Head,Pune,Sales,wzo.ezril@company.com
523,yohn ctfevom,M,Manager,Mumbai,Operations,yohn.ctfevom@company.com
524,aepkdti mlu,F,Region Head,Delhi,Sales,aepkdti.mlu@company.com
525,nsymhwp pwxtymc,F,Region Head,Pune,Technical,nsymhwp.pwxtymc@company.com
526,sbwsr gsejh,M,Executive,Bangalore,Technical,sbwsr.gsejh@company.com
527,lyxfaab xehelce,M,Manager,Bangalore,Technical,lyxfaab.xehelce@company.com
528,qljl erdwkvq,M,Manager,Hyderabad,Operations,qljl.erdwkvq@company.com
529,kdqdoccxn dglbq,M,Region Head,Delhi,Sales,kdqdoccxn.dglbq@company.com
530,jgngayttay bzfktr,M,Executive,Bangalore,Sales,jgngayttay.bzfktr@company.com
531,swssa xztlh,M,Executive,Hyderabad,Sales,swssa.xztlh@company.com
532,vlzwvnl aqgxj,M,Region Head,Delhi,Sales,vlzwvnl.aqgxj@company.com
533,qli wnybyp,M,Manager,Hyderabad,Technical,qli.wnybyp@company.com
534,swifbvomwu fve,F,Region Head,Pune,Technical,swifbvomwu.fve@company.com
535,apeikbefh aainx,M,Executive,Pune,Operations,apeikbefh.aainx@company.com
536,fzmkkrrteo hpble,F,Executive,Delhi,Operations,fzmkkrrteo.hpble@company.com
537,ovbxrxb xilwlkd,F,Executive,Pune,Operations,ovbxrxb.xilwlkd@company.com
538,wrcgmmkoj jnovbpq,M,Region Head,Pune,Operations,wrcgmmkoj.jnovbpq@company.com
539,batu lszv,M,Manager,Pune,Technical,batu.lszv@company.com
540,nxd xjt,M,Executive,Pune,Technical,nxd.xjt@company.com
541,zii yiynjr,F,Manager,Pune,Sales,zii.yiynjr@company.com
542,gtpaodh dcldmen,M,Manager,Hyderabad,Operations,gtpaodh.dcldmen@company.com
543,tqsbb qhow,F,Region Head,Bangalore,Technical,tqsbb.qhow@company.com
544,pzbuzf plfslyz,M,Executive,Mumbai,Sales,pzbuzf.plfslyz@company.com
545,hmbvxo qenrng,M,Manager,Pune,Technical,hmbvxo.qenrng@company.com
546,yjxqhdqnxf imjsm,M,Executive,Pune,Operations,yjxqhdqnxf.imjsm@company.com
547,gbwhbobx zioyat,M,Manager,Hyderabad,Technical,gbwhbobx.zioyat@company.com
548,fjfqczxj uhg,M,Executive,Bangalore,Sales,fjfqczxj.uhg@company.com
549,uvoyiyvi xexkpwm,F,Executive,Pune,Operations,uvoyiyvi.xexkpwm@company.com
550,yqtqnliiu tui,M,Region Head,Pune,Technical,yqtqnliiu.tui@company.com
551,puqakrxu vslw,F,Region Head,Bangalore,Operations,puqakrxu.vslw@company.com
552,rsrqwy drnb,M,Executive,Bangalore,Sales,rsrqwy.drnb@company.com
553,quxilfuyr ida,F,Executive,Bangalore,Sales,quxilfuyr.ida@company.com
554,hdeeshwrr zucapa,F,Manager,Mumbai,Sales,hdeeshwrr.zucapa@company.com
555,hoiqo erjoa,F,Executive,Mumbai,Technical,hoiqo.erjoa@company.com
556,vdooizpgsf gtm,M,Executive,Pune,Operations,vdooizpgsf.gtm@company.com
557,kkmnfym kkq,F,Executive,Pune,Technical,kkmnfym.kkq@company.com
558,ygvdiu edggyl,M,Region Head,Mumbai,Sales,ygvdiu.edggyl@company.com
559,ostoleg mvek,F,Executive,Pune,Technical,ostoleg.mvek@company.com
560,rsyvorzqd wox,M,Executive,Pune,Operations,rsyvorzqd.wox@company.com
561,pmwpgvi ovaf,F,Manager,Hyderabad,Sales,pmwpgvi.ovaf@company.com
562,iwfimw dyyksc,M,Region Head,Hyderabad,Technical,iwfimw.dyyksc@company.com
563,fzigz tagy,M,Executive,Delhi,Operations,fzigz.tagy@company.com
564,zoqccstpyb lxv,F,Manager,Delhi,Operations,zoqccstpyb.lxv@company.com
565,nllh tgvrufw,M,Executive,Bangalore,Technical,nllh.tgvrufw@company.com
566,uyqwbibi gvdeylk,F,Executive,Hyderabad,Sales,uyqwbibi.gvdeylk@company.com
567,chgeozeqix tjow,M,Manager,Hyderabad,Operations,chgeozeqix.tjow@company.com
568,nucorr fck,M,Manager,Bangalore,Sales,nucorr.fck@company.com
569,ylzmwwdct hnfm,F,Region Head,Bangalore,Operations,ylzmwwdct.hnfm@company.com
570,tvj dvsz,M,Region Head,Pune,Sales,tvj.dvsz@company.com
571,epwqtzto mhdp,M,Region Head,Delhi,Operations,epwqtzto.mhdp@company.com
572,lbor gouy,M,Executive,Delhi,Technical,lbor.gouy@company.com
573,jjuu sbgbj,M,Region Head,Pune,Operations,jjuu.sbgbj@company.com
574,nxynp wnis,M,Executive,Bangalore,Technical,nxynp.wnis@company.com
575,rmxpipy etgyilv,M,Manager,Mumbai,Sales,rmxpipy.etgyilv@company.com
576,qrzzfrivf yybk,M,Executive,Delhi,Technical,qrzzfrivf.yybk@company.com
577,vjtdsgoi lzdpqjp,M,Region Head,Delhi,Technical,vjtdsgoi.lzdpqjp@company.com
578,yauwmuz rnl,F,Manager,Delhi,Technical,yauwmuz.rnl@company.com
579,ttbuukxg zuisr,M,Manager,Mumbai,Sales,ttbuukxg.zuisr@company.com
580,nla obv,F,Region Head,Hyderabad,Sales,nla.obv@company.com
581,kaxoppldl zzv,M,Region Head,Bangalore,Technical,kaxoppldl.zzv@company.com
582,wpmdodnbd itf,F,Region Head,Bangalore,Operations,wpmdodnbd.itf@company.com
583,pbudawbwo mtxmsay,M,Manager,Bangalore,Sales,pbudawbwo.mtxmsay@company.com
584,mtmu cmgmey,F,Manager,Pune,Technical,mtmu.cmgmey@company.com
585,djvu ipyf,M,Executive,Hyderabad,Operations,djvu.ipyf@company.com
586,sguhcquwf qykzm,M,Region Head,Pune,Technical,sguhcquwf.qykzm@company.com
587,eeqomj opl,F,Executive,Mumbai,Sales,eeqomj.opl@company.com
588,lwn kskp,F,Manager,Pune,Sales,lwn.kskp@company.com
589,xalp rdkklr,M,Region Head,Delhi,Technical,xalp.rdkklr@company.com
590,rlenqw iomnt,F,Region Head,Pune,Sales,rlenqw.iomnt@company.com
591,niaawzvc lque,F,Executive,Pune,Sales,niaawzvc.lque@company.com
592,cnl ban,M,Executive,Pune,Technical,cnl.ban@company.com
593,brdmklygx hgvevdl,F,Manager,Delhi,Operations,brdmklygx.hgvevdl@company.com
594,rzyxig ptjjbwe,F,Region Head,Delhi,Sales,rzyxig.ptjjbwe@company.com
595,pgcl bep,M,Region Head,Bangalore,Technical,pgcl.bep@company.com
596,lcwdxzopt sebecxk,M,Manager,Pune,Technical,lcwdxzopt.sebecxk@company.com
597,gtbuzpll tiflygs,M,Manager,Delhi,Technical,gtbuzpll.tiflygs@company.com
598,iwrznpuon secaras,F,Region Head,Hyderabad,Sales,iwrznpuon.secaras@company.com
599,vwtsev agpnern,M,Executive,Pune,Sales,vwtsev.agpnern@company.com
600,lktzml oja,M,Manager,Mumbai,Technical,lktzml.oja@company.com
601,trkvma auj,F,Executive,Hyderabad,Sales,trkvma.auj@company.com
602,sxkhz vgblcne,F,Manager,Bangalore,Technical,sxkhz.vgblcne@company.com
603,kkjzu cfukg,M,Region Head,Pune,Operations,kkjzu.cfukg@company.com
604,rztkbxzwd evcfqgf,F,Region Head,Pune,Sales,rztkbxzwd.evcfqgf@company.com
605,edmgj dqmgq,F,Executive,Pune,Technical,edmgj.dqmgq@company.com
606,pycsoqeobx lbpttwt,F,Region Head,Delhi,Sales,pycsoqeobx.lbpttwt@company.com
607,pjirqvwfis honyl,M,Manager,Pune,Technical,pjirqvwfis.honyl@company.com
608,qeey kegf,F,Manager,Pune,Sales,qeey.kegf@company.com
609,xtn pgvr,F,Manager,Hyderabad,Sales,xtn.pgvr@company.com
610,gsgrpu eyrdyz,F,Executive,Hyderabad,Sales,gsgrpu.eyrdyz@company.com
611,kcbrcsr heckerj,F,Manager,Mumbai,Sales,kcbrcsr.heckerj@company.com
612,qsziudfbm fru,F,Region Head,Hyderabad,Operations,qsziudfbm.fru@company.com
613,qvhdpfnlft ahpyi,M,Region Head,Pune,Technical,qvhdpfnlft.ahpyi@company.com
614,txftyy teihq,M,Region Head,Bangalore,Sales,txftyy.teihq@company.com
615,odtzmwc yfzmx,F,Region Head,Pune,Sales,odtzmwc.yfzmx@company.com
616,dduiecgci ilmkkoq,M,Manager,Mumbai,Operations,dduiecgci.ilmkkoq@company.com
617,gyfifoe dgeu,M,Manager,Hyderabad,Technical,gyfifoe.dgeu@company.com
618,ebyvkajnfk vevcqjb,M,Region Head,Mumbai,Technical,ebyvkajnfk.vevcqjb@company.com
619,ero vhgtw,M,Executive,Pune,Operations,ero.vhgtw@company.com
620,uqnwew nesmd,F,Region Head,Mumbai,Sales,uqnwew.nesmd@company.com
621,sfdv fxewc,M,Region Head,Pune,Sales,sfdv.fxewc@company.com
622,ddhvdy qrjr,M,Executive,Delhi,Operations,ddhvdy.qrjr@company.com
623,dapxewqzd cqoai,M,Region Head,Delhi,Sales,dapxewqzd.cqoai@company.com
624,spyuyvzu duzjbp,M,Region Head,Pune,Sales,spyuyvzu.duzjbp@company.com
625,kmqo ytds,F,Executive,Pune,Technical,kmqo.ytds@company.com
626,nfoyhr dhga,M,Executive,Pune,Sales,nfoyhr.dhga@company.com
627,uiwusjwg wxwjzw,M,Executive,Delhi,Operations,uiwusjwg.wxwjzw@company.com
628,mboxg sfs,F,Executive,Bangalore,Technical,mboxg.sfs@company.com
629,uyeplkcb htugmhb,F,Executive,Pune,Technical,uyeplkcb.htugmhb@company.com
630,zusnd fwszib,M,Region Head,Bangalore,Operations,zusnd.fwszib@company.com
631,btjhrgvksq xpcrhvs,M,Executive,Pune,Technical,btjhrgvksq.xpcrhvs@company.com
632,jzrrpzfd ezld,F,Executive,Hyderabad,Technical,jzrrpzfd.ezld@company.com
633,zdebc ztkjrfy,F,Region Head,Pune,Operations,zdebc.ztkjrfy@company.com
634,wjgmlbki znrgi,F,Region Head,Pune,Sales,wjgmlbki.znrgi@company.com
635,niaasy vwv,M,Region Head,Delhi,Sales,niaasy.vwv@company.com
636,kgsvtbval okhi,F,Executive,Delhi,Sales,kgsvtbval.okhi@company.com
637,shxgi ueqlz,M,Executive,Pune,Operations,shxgi.ueqlz@company.com
638,nazkxz zgvrs,F,Manager,Bangalore,Technical,nazkxz.zgvrs@company.com
639,nsibnwmfoo ala,F,Region Head,Delhi,Operations,nsibnwmfoo.ala@company.com
640,btw wszpyek,M,Executive,Hyderabad,Operations,btw.wszpyek@company.com
641,qbdrt kdqfj,F,Manager,Pune,Technical,qbdrt.kdqfj@company.com
642,gcn vjidkl,M,Executive,Pune,Operations,gcn.vjidkl@company.com
643,uruulkqqb swgywf,M,Executive,Pune,Sales,uruulkqqb.swgywf@company.com
644,nrllv jppemyv,F,Region Head,Pune,Sales,nrllv.jppemyv@company.com
645,jrattfa tajrjv,F,Region Head,Delhi,Sales,jrattfa.tajrjv@company.com
646,bpmpkjnemq wgg,M,Manager,Hyderabad,Technical,bpmpkjnemq.wgg@company.com
647,meqis bvw,F,Manager,Pune,Sales,meqis.bvw@company.com
648,una vxsrpz,M,Manager,Pune,Technical,una.vxsrpz@company.com
649,bvsryiv clv,M,Executive,Mumbai,Technical,bvsryiv.clv@company.com
650,gsjkhopl voqyv,F,Manager,Delhi,Sales,gsjkhopl.voqyv@company.com
651,knkmozisi wifw,M,Region Head,Bangalore,Sales,knkmozisi.wifw@company.com
652,dadilggan rmr,M,Region Head,Delhi,Technical,dadilggan.rmr@company.com
653,gmdpmpmu lfmddf,F,Region Head,Delhi,Sales,gmdpmpmu.lfmddf@company.com
654,klcl uauy,F,Manager,Hyderabad,Operations,klcl.uauy@company.com
655,xsfueisbn ibsjo,M,Manager,Pune,Technical,xsfueisbn.ibsjo@company.com
656,raqhrlc wpz,M,Executive,Mumbai,Sales,raqhrlc.wpz@company.com
657,olxfpj eehcgg,M,Manager,Pune,Operations,olxfpj.eehcgg@company.com
658,jkcacwyp lfcagm,M,Region Head,Delhi,Operations,jkcacwyp.lfcagm@company.com
659,msqjuzvxvi qgm,M,Region Head,Hyderabad,Sales,msqjuzvxvi.qgm@company.com
660,bfvaizypvg ycyjuh,F,Region Head,Mumbai,Technical,bfvaizypvg.ycyjuh@company.com
661,gglgc pjgpcxt,M,Executive,Pune,Sales,gglgc.pjgpcxt@company.com
662,xijqlhkmyi ztis,M,Executive,Bangalore,Sales,xijqlhkmyi.ztis@company.com
663,jhhr vncihio,F,Executive,Bangalore,Sales,jhhr.vncihio@company.com
664,hpwttuxydj ptbuvyn,F,Region Head,Hyderabad,Technical,hpwttuxydj.ptbuvyn@company.com
665,qij psk,M,Manager,Pune,Operations,qij.psk@company.com
666,xiaoe wxapnxs,F,Executive,Mumbai,Operations,xiaoe.wxapnxs@company.com
667,hmcf cfzjp,M,Manager,Pune,Sales,hmcf.cfzjp@company.com
668,nxbucecgwd retj,F,Manager,Mumbai,Technical,nxbucecgwd.retj@company.com
669,cqtxcpyt sodpil,M,Executive,Pune,Sales,cqtxcpyt.sodpil@company.com
670,ascfpc cuasjz,M,Executive,Hyderabad,Sales,ascfpc.cuasjz@company.com
671,ors pam,F,Manager,Delhi,Sales,ors.pam@company.com
672,gsjriitqh fjsqqw,M,Manager,Pune,Sales,gsjriitqh.fjsqqw@company.com
673,cgqgaqn eedloqo,M,Executive,Pune,Sales,cgqgaqn.eedloqo@company.com
674,yupa nxit,F,Region Head,Bangalore,Operations,yupa.nxit@company.com
675,gdqdfpcvu fyson,M,Region Head,Pune,Operations,gdqdfpcvu.fyson@company.com
676,ujco bwkenoy,M,Executive,Bangalore,Sales,ujco.bwkenoy@company.com
677,qmiy fwvdgdt,F,Executive,Hyderabad,Sales,qmiy.fwvdgdt@company.com
678,auhdfstfor jildy,M,Manager,Delhi,Sales,auhdfstfor.jildy@company.com
679,xqocw vnjoo,F,Executive,Delhi,Technical,xqocw.vnjoo@company.com
680,ytnyqvst updspka,F,Region Head,Bangalore,Operations,ytnyqvst.updspka@company.com
681,mxg oyoocvp,F,Executive,Pune,Technical,mxg.oyoocvp@company.com
682,cihft upovyso,F,Manager,Bangalore,Sales,cihft.upovyso@company.com
683,zxeoeoshjz jas,M,Region Head,Hyderabad,Operations,zxeoeoshjz.jas@company.com
684,ovcvp oofxhb,F,Executive,Pune,Technical,ovcvp.oofxhb@company.com
685,xwa vvtmhmv,F,Region Head,Delhi,Technical,xwa.vvtmhmv@company.com
686,xuarha jcfdqo,F,Manager,Hyderabad,Sales,xuarha.jcfdqo@company.com
687,ywmuuvyg gvo,F,Manager,Hyderabad,Operations,ywmuuvyg.gvo@company.com
688,cxokry ndby,M,Manager,Mumbai,Technical,cxokry.ndby@company.com
689,fwxdehfnc kzpxlcd,F,Region Head,Delhi,Operations,fwxdehfnc.kzpxlcd@company.com
690,yiyea aauf,F,Manager,Bangalore,Technical,yiyea.aauf@company.com
691,bnatd xedig,F,Executive,Pune,Technical,bnatd.xedig@company.com
692,dnghpb qgxz,F,Manager,Bangalore,Technical,dnghpb.qgxz@company.com
693,tvf jhjd,M,Manager,Delhi,Sales,tvf.jhjd@company.com
694,opy cwyij,M,Region Head,Mumbai,Sales,opy.cwyij@company.com
695,vzjglzomw lxtub,F,Region Head,Hyderabad,Operations,vzjglzomw.lxtub@company.com
696,dklobam sbfsmlf,M,Region Head,Delhi,Operations,dklobam.sbfsmlf@company.com
697,ebnxygioqr uojftap,M,Manager,Bangalore,Operations,ebnxygioqr.uojftap@company.com
698,gdntdb muulx,F,Executive,Pune,Sales,gdntdb.muulx@company.com
699,zysedsiyz ykc,M,Executive,Hyderabad,Sales,zysedsiyz.ykc@company.com
700,qzbqlvpvc oqpftoh,M,Region Head,Bangalore,Technical,qzbqlvpvc.oqpftoh@company.com
701,fzopancc gjx,M,Manager,Hyderabad,Technical,fzopancc.gjx@company.com
702,mhdrwupl ealunfs,F,Region Head,Mumbai,Sales,mhdrwupl.ealunfs@company.com
703,wnn auowunt,F,Manager,Bangalore,Sales,wnn.auowunt@company.com
704,vvews lfngog,M,Region Head,Pune,Operations,vvews.lfngog@company.com
705,vwhntqx fbccrsy,F,Executive,Delhi,Technical,vwhntqx.fbccrsy@company.com
706,hhym wvwyrp,F,Region Head,Bangalore,Sales,hhym.wvwyrp@company.com
707,ilaguawg bprbh,M,Executive,Pune,Technical,ilaguawg.bprbh@company.com
708,mkddj egf,F,Manager,Delhi,Sales,mkddj.egf@company.com
709,qcpmfx kkzty,M,Executive,Mumbai,Sales,qcpmfx.kkzty@company.com
710,ydnkhry yzhxxk,F,Manager,Bangalore,Technical,ydnkhry.yzhxxk@company.com
711,lmsii wovzib,F,Executive,Delhi,Operations,lmsii.wovzib@company.com
712,uiurp ctxsjb,F,Region Head,Delhi,Technical,uiurp.ctxsjb@company.com
713,aogcdawuu odzwnjw,M,Executive,Pune,Operations,aogcdawuu.odzwnjw@company.com
714,nzcq yjeetvr,F,Manager,Pune,Sales,nzcq.yjeetvr@company.com
715,jzvmpcvwps vvmotta,M,Manager,Pune,Operations,jzvmpcvwps.vvmotta@company.com
716,affougmqcy ijb,M,Executive,Delhi,Operations,affougmqcy.ijb@company.com
717,elfnfoq kvd,F,Manager,Bangalore,Sales,elfnfoq.kvd@company.com
718,wfigpqw lydf,M,Executive,Hyderabad,Operations,wfigpqw.lydf@company.com
719,mcbhuvhut vjalny,M,Executive,Pune,Sales,mcbhuvhut.vjalny@company.com
720,mwbsib woa,F,Executive,Delhi,Sales,mwbsib.woa@company.com
721,lcqro weftn,M,Manager,Pune,Technical,lcqro.weftn@company.com
722,zzt rfbrxjo,F,Manager,Pune,Operations,zzt.rfbrxjo@company.com
723,rxuk sjw,M,Manager,Pune,Operations,rxuk.sjw@company.com
724,pdfxrbionl zdgvnlp,M,Executive,Pune,Technical,pdfxrbionl.zdgvnlp@company.com
725,lotulpg tkmryn,F,Manager,Pune,Sales,lotulpg.tkmryn@company.com
726,szxf fmr,F,Executive,Mumbai,Technical,szxf.fmr@company.com
727,xidcbmzegc wdms,M,Manager,Hyderabad,Sales,xidcbmzegc.wdms@company.com
728,rqwcqorcv ytbnlgj,F,Executive,Hyderabad,Technical,rqwcqorcv.ytbnlgj@company.com
729,tohikkmpr suyuslj,F,Executive,Pune,Technical,tohikkmpr.suyuslj@company.com
730,lcikhbvay hupnxi,M,Region Head,Delhi,Technical,lcikhbvay.hupnxi@company.com
731,wykpa klar,M,Manager,Mumbai,Technical,wykpa.klar@company.com
732,eqsj dmw,M,Region Head,Delhi,Technical,eqsj.dmw@company.com
733,nht ezpqs,F,Region Head,Mumbai,Operations,nht.ezpqs@company.com
734,ybvue zrko,F,Manager,Delhi,Technical,ybvue.zrko@company.com
735,jkwntghcw ijt,M,Executive,Pune,Operations,jkwntghcw.ijt@company.com
736,ubludit nfoyklh,M,Executive,Mumbai,Operations,ubludit.nfoyklh@company.com
737,fjxmo tpakhwd,M,Executive,Hyderabad,Sales,fjxmo.tpakhwd@company.com
738,klppcyj uogj,F,Manager,Pune,Technical,klppcyj.uogj@company.com
739,ffg pchriwa,F,Executive,Bangalore,Technical,ffg.pchriwa@company.com
740,ubjjjqahb xmrybxl,F,Region Head,Pune,Operations,ubjjjqahb.xmrybxl@company.com
741,uqmpc zdga,M,Manager,Pune,Operations,uqmpc.zdga@company.com
742,rsnozmd yldr,F,Region Head,Mumbai,Technical,rsnozmd.yldr@company.com
743,lygz mopb,F,Manager,Hyderabad,Sales,lygz.mopb@company.com
744,ocycsc jogmvly,F,Executive,Pune,Technical,ocycsc.jogmvly@company.com
745,iebeptzi ioyv,M,Region Head,Pune,Operations,iebeptzi.ioyv@company.com
746,qiag aaj,M,Manager,Hyderabad,Technical,qiag.aaj@company.com
747,uvsjz cxnej,F,Region Head,Mumbai,Technical,uvsjz.cxnej@company.com
748,jvomc nym,F,Executive,Hyderabad,Sales,jvomc.nym@company.com
749,dxr aexp,F,Manager,Mumbai,Operations,dxr.aexp@company.com
750,mclczogjw kwmbzbe,M,Executive,Hyderabad,Technical,mclczogjw.kwmbzbe@company.com
751,zda wpyyf,M,Manager,Mumbai,Sales,zda.wpyyf@company.com
752,ylku cogcqe,F,Manager,Bangalore,Operations,ylku.cogcqe@company.com
753,nsscqymjs sbtqiww,M,Region Head,Pune,Technical,nsscqymjs.sbtqiww@company.com
754,htyozv ffbydcb,F,Executive,Pune,Sales,htyozv.ffbydcb@company.com
755,dqvjfbbc dlzh,F,Region Head,Pune,Technical,dqvjfbbc.dlzh@company.com
756,hrtetz axoxwkn,F,Region Head,Pune,Operations,hrtetz.axoxwkn@company.com
757,deykslmz rzvkw,M,Executive,Delhi,Operations,deykslmz.rzvkw@company.com
758,qizz trdcml,F,Executive,Delhi,Technical,qizz.trdcml@company.com
759,tgfm nnluh,F,Executive,Delhi,Sales,tgfm.nnluh@company.com
760,lhum xrje,M,Region Head,Delhi,Operations,lhum.xrje@company.com
761,ufla tyx,F,Manager,Pune,Operations,ufla.tyx@company.com
762,utcptqxgsu bpw,M,Region Head,Pune,Technical,utcptqxgsu.bpw@company.com
763,uzcnt qxrbfl,M,Manager,Bangalore,Operations,uzcnt.qxrbfl@company.com
764,peynvxlfex mdpcln,F,Region Head,Bangalore,Operations,peynvxlfex.mdpcln@company.com
765,sdr vtpvwuc,M,Executive,Bangalore,Operations,sdr.vtpvwuc@company.com
766,nlv rci,M,Manager,Bangalore,Operations,nlv.rci@company.com
767,avwxql aeabt,M,Executive,Hyderabad,Technical,avwxql.aeabt@company.com
768,nrn nozlo,F,Executive,Delhi,Sales,nrn.nozlo@company.com
769,dccqad iqclmug,F,Region Head,Pune,Operations,dccqad.iqclmug@company.com
770,mbwudzh xuw,F,Executive,Delhi,Sales,mbwudzh.xuw@company.com
771,dzvoianua rybv,F,Manager,Hyderabad,Sales,dzvoianua.rybv@company.com
772,tgzxh qtedkiq,M,Region Head,Bangalore,Sales,tgzxh.qtedkiq@company.com
773,bjdse hwve,M,Executive,Mumbai,Sales,bjdse.hwve@company.com
774,dzopavtd muai,F,Region Head,Hyderabad,Sales,dzopavtd.muai@company.com
775,jnlaatqsl chjipw,M,Executive,Bangalore,Sales,jnlaatqsl.chjipw@company.com
776,cijfmbzs ckbc,M,Manager,Mumbai,Operations,cijfmbzs.ckbc@company.com
777,abestle lcpfdw,F,Manager,Hyderabad,Sales,abestle.lcpfdw@company.com
778,efrtjjn pkflf,M,Region Head,Delhi,Sales,efrtjjn.pkflf@company.com
779,kzh tquk,M,Region Head,Bangalore,Operations,kzh.tquk@company.com
780,tnjvh vke,M,Executive,Pune,Operations,tnjvh.vke@company.com
781,hgllicrqki lfr,F,Region Head,Pune,Operations,hgllicrqki.lfr@company.com
782,emxmcdh ogdvljp,F,Region Head,Bangalore,Technical,emxmcdh.ogdvljp@company.com
783,lojxzb rqcmls,M,Region Head,Delhi,Operations,lojxzb.rqcmls@company.com
784,dhj dtwok,F,Executive,Pune,Sales,dhj.dtwok@company.com
785,ntibt mwxr,M,Executive,Bangalore,Sales,ntibt.mwxr@company.com
786,cqftujxjbu lngyq,F,Executive,Pune,Sales,cqftujxjbu.lngyq@company.com
787,add dla,F,Region Head,Pune,Sales,add.dla@company.com
788,ntukuqqf wijxdm,F,Region Head,Pune,Operations,ntukuqqf.wijxdm@company.com
789,qnkz bhl,M,Region Head,Hyderabad,Technical,qnkz.bhl@company.com
790,ieihenc squybq,M,Executive,Pune,Technical,ieihenc.squybq@company.com
791,afzdprp tap,M,Region Head,Hyderabad,Sales,afzdprp.tap@company.com
792,vmbqrtynhi yquemuq,M,Executive,Bangalore,Sales,vmbqrtynhi.yquemuq@company.com
793,hgmnn qpkvaoj,M,Region Head,Mumbai,Operations,hgmnn.qpkvaoj@company.com
794,pzwht tvcien,F,Region Head,Delhi,Operations,pzwht.tvcien@company.com
795,irspw cxk,F,Executive,Pune,Technical,irspw.cxk@company.com
796,aznmtci fnze,M,Region Head,Pune,Sales,aznmtci.fnze@company.com
797,zte hxhpxys,M,Region Head,Pune,Operations,zte.hxhpxys@company.com
798,miawdcozxp ets,F,Executive,Delhi,Sales,miawdcozxp.ets@company.com
799,dpvhxcaxhn enkr,F,Region Head,Delhi,Sales,dpvhxcaxhn.enkr@company.com
800,inmf zdwnc,F,Executive,Hyderabad,Sales,inmf.zdwnc@company.com
801,beiyzfkbih pgqrp,M,Executive,Hyderabad,Technical,beiyzfkbih.pgqrp@company.com
802,wrt cxfbcny,F,Region Head,Hyderabad,Sales,wrt.cxfbcny@company.com
803,huepmwyxa biefnn,F,Manager,Delhi,Sales,huepmwyxa.biefnn@company.com
804,efta rggox,F,Region Head,Bangalore,Sales,efta.rggox@company.com
805,eeeq iguzg,F,Region Head,Delhi,Sales,eeeq.iguzg@company.com
806,qwklaj runvxck,F,Executive,Bangalore,Operations,qwklaj.runvxck@company.com
807,fgp sjwf,M,Region Head,Pune,Technical,fgp.sjwf@company.com
808,lluhc amjfv,M,Manager,Pune,Operations,lluhc.amjfv@company.com
809,dkwitja mpm,F,Region Head,Mumbai,Technical,dkwitja.mpm@company.com
810,yghqpctm fnefy,F,Region Head,Delhi,Operations,yghqpctm.fnefy@company.com
811,kyrrnuplmt cna,F,Region Head,Hyderabad,Sales,kyrrnuplmt.cna@company.com
812,vrxrlphxi vsuy,F,Manager,Pune,Sales,vrxrlphxi.vsuy@company.com
813,qpta qciocyd,F,Executive,Hyderabad,Sales,qpta.qciocyd@company.com
814,xufxtr kjoxl,M,Executive,Pune,Technical,xufxtr.kjoxl@company.com
815,znmgkq eqptn,M,Manager,Pune,Operations,znmgkq.eqptn@company.com
816,jjfrppn vxvchod,F,Manager,Bangalore,Sales,jjfrppn.vxvchod@company.com
817,osbkvsxkmz slld,M,Manager,Mumbai,Operations,osbkvsxkmz.slld@company.com
818,gcvkh yzxgo,F,Executive,Delhi,Operations,gcvkh.yzxgo@company.com
819,mpoegwxova jajl,F,Region Head,Pune,Technical,mpoegwxova.jajl@company.com
820,egxrvxyhy ftn,M,Region Head,Bangalore,Operations,egxrvxyhy.ftn@company.com
821,ifenufp hrl,F,Region Head,Delhi,Technical,ifenufp.hrl@company.com
822,dmxkeyj blavfk,F,Executive,Hyderabad,Operations,dmxkeyj.blavfk@company.com
823,hkknjp iztjdvc,M,Manager,Hyderabad,Operations,hkknjp.iztjdvc@company.com
824,yxqyhos oxwj,F,Region Head,Mumbai,Sales,yxqyhos.oxwj@company.com
825,tmoifrc meua,M,Manager,Hyderabad,Operations,tmoifrc.meua@company.com
826,iftbpqec obquf,M,Region Head,Pune,Operations,iftbpqec.obquf@company.com
827,rnheu kmia,F,Manager,Bangalore,Sales,rnheu.kmia@company.com
828,czq icwfih,M,Executive,Bangalore,Operations,czq.icwfih@company.com
829,iqozsyfy ffi,F,Manager,Delhi,Sales,iqozsyfy.ffi@company.com
830,vkagqvfd dlkwehs,F,Executive,Mumbai,Operations,vkagqvfd.dlkwehs@company.com
831,irsvfc adc,M,Manager,Mumbai,Technical,irsvfc.adc@company.com
832,aljsrqii wjkc,M,Executive,Delhi,Technical,aljsrqii.wjkc@company.com
833,utmawkfp dxahr,M,Manager,Pune,Technical,utmawkfp.dxahr@company.com
834,hax zgsxnyf,F,Manager,Hyderabad,Operations,hax.zgsxnyf@company.com
835,jiaoe gdlzw,F,Executive,Pune,Technical,jiaoe.gdlzw@company.com
836,dgsx lrsfb,M,Region Head,Hyderabad,Sales,dgsx.lrsfb@company.com
837,rsczgpnj ttdarw,F,Executive,Pune,Sales,rsczgpnj.ttdarw@company.com
838,uga ltuwyv,F,Manager,Bangalore,Sales,uga.ltuwyv@company.com
839,wzylmn makoy,M,Executive,Pune,Operations,wzylmn.makoy@company.com
840,drk qcohi,F,Manager,Hyderabad,Operations,drk.qcohi@company.com
841,zoouhwxomz jjwkz,F,Region Head,Bangalore,Technical,zoouhwxomz.jjwkz@company.com
842,ckymjtfgtn blv,F,Manager,Hyderabad,Sales,ckymjtfgtn.blv@company.com
843,cppotgwb cbiuljz,M,Executive,Bangalore,Technical,cppotgwb.cbiuljz@company.com
844,nybcdn cfqdgkp,F,Region Head,Mumbai,Operations,nybcdn.cfqdgkp@company.com
845,wen uoveecn,F,Region Head,Hyderabad,Operations,wen.uoveecn@company.com
846,dviafp zfdr,M,Executive,Mumbai,Operations,dviafp.zfdr@company.com
847,ehjwpbhhyl woxdg,M,Region Head,Hyderabad,Operations,ehjwpbhhyl.woxdg@company.com
848,bwrzrxz iurvu,F,Region Head,Hyderabad,Sales,bwrzrxz.iurvu@company.com
849,nsklearw urr,M,Manager,Hyderabad,Technical,nsklearw.urr@company.com
850,kwsqhcscdl ypx,F,Region Head,Bangalore,Operations,kwsqhcscdl.ypx@company.com
851,xmnkpwd pzpb,M,Region Head,Hyderabad,Sales,xmnkpwd.pzpb@company.com
852,hfipnrs tuospbd,F,Executive,Hyderabad,Technical,hfipnrs.tuospbd@company.com
853,qtshazlipl rsxxcp,F,Region Head,Bangalore,Operations,qtshazlipl.rsxxcp@company.com
854,zreenoprfw vrovd,M,Manager,Pune,Sales,zreenoprfw.vrovd@company.com
855,yelqyqocy kjqtle,M,Executive,Pune,Technical,yelqyqocy.kjqtle@company.com
856,wcikmdtf txzyz,F,Manager,Mumbai,Technical,wcikmdtf.txzyz@company.com
857,vyhilhjnq pflp,F,Executive,Pune,Operations,vyhilhjnq.pflp@company.com
858,vlaazp ygaqfzu,F,Executive,Bangalore,Sales,vlaazp.ygaqfzu@company.com
859,dewo vez,M,Manager,Pune,Operations,dewo.vez@company.com
860,tmwylsja uag,M,Region Head,Delhi,Operations,tmwylsja.uag@company.com
861,shtrnx amfzul,F,Region Head,Mumbai,Technical,shtrnx.amfzul@company.com
862,iqs auouim,F,Manager,Pune,Technical,iqs.auouim@company.com
863,umnnrb ejv,M,Executive,Delhi,Operations,umnnrb.ejv@company.com
864,nkhi xnm,F,Region Head,Mumbai,Technical,nkhi.xnm@company.com
865,wfqwbxsus vqlpmjp,F,Manager,Pune,Technical,wfqwbxsus.vqlpmjp@company.com
866,zodmqtgljg dcvhsr,F,Manager,Hyderabad,Sales,zodmqtgljg.dcvhsr@company.com
867,fxb vodx,F,Region Head,Mumbai,Sales,fxb.vodx@company.com
868,bpej dgpwnyy,M,Executive,Pune,Sales,bpej.dgpwnyy@company.com
869,wixz fhhh,F,Executive,Bangalore,Operations,wixz.fhhh@company.com
870,hqb hcvbgoy,F,Manager,Hyderabad,Technical,hqb.hcvbgoy@company.com
871,wfgupgsb tny,M,Manager,Pune,Sales,wfgupgsb.tny@company.com
872,vxq hkpidx,M,Executive,Mumbai,Operations,vxq.hkpidx@company.com
873,kkhgwdj zqcs,M,Executive,Bangalore,Sales,kkhgwdj.zqcs@company.com
874,deufckffzq nvo,M,Executive,Delhi,Sales,deufckffzq.nvo@company.com
875,iqcnpqhsl wspk,M,Executive,Delhi,Sales,iqcnpqhsl.wspk@company.com
876,ltoyvvzm hoj,M,Executive,Mumbai,Sales,ltoyvvzm.hoj@company.com
877,ykj dkvhdm,F,Executive,Bangalore,Sales,ykj.dkvhdm@company.com
878,xxz zcyiw,M,Executive,Delhi,Technical,xxz.zcyiw@company.com
879,ffdyxcef evp,M,Region Head,Mumbai,Sales,ffdyxcef.evp@company.com
880,gmgxnmqbc qhdqu,M,Region Head,Mumbai,Operations,gmgxnmqbc.qhdqu@company.com
881,fhhii quc,M,Region Head,Pune,Sales,fhhii.quc@company.com
882,qdkx scul,M,Executive,Pune,Technical,qdkx.scul@company.com
883,jvsctvit yzklb,M,Executive,Pune,Technical,jvsctvit.yzklb@company.com
884,sbhgckv sfays,M,Executive,Mumbai,Sales,sbhgckv.sfays@company.com
885,ljcsbkb gdatk,M,Region Head,Bangalore,Operations,ljcsbkb.gdatk@company.com
886,byggvprzrj mxmhgui,M,Manager,Pune,Sales,byggvprzrj.mxmhgui@company.com
887,ayeympz nwva,F,Executive,Mumbai,Operations,ayeympz.nwva@company.com
888,pwyabiaxnq ohg,M,Region Head,Delhi,Sales,pwyabiaxnq.ohg@company.com
889,eeqgb kqxy,M,Manager,Pune,Sales,eeqgb.kqxy@company.com
890,gtwejy qhtn,F,Region Head,Delhi,Technical,gtwejy.qhtn@company.com
891,esrhbdf phzo,M,Executive,Delhi,Operations,esrhbdf.phzo@company.com
892,cxtzlw lztpk,M,Manager,Bangalore,Technical,cxtzlw.lztpk@company.com
893,qprlcqfzw mim,M,Executive,Delhi,Sales,qprlcqfzw.mim@company.com
894,smeqb ouw,M,Region Head,Pune,Technical,smeqb.ouw@company.com
895,duzjgif rnegyi,M,Manager,Hyderabad,Operations,duzjgif.rnegyi@company.com
896,xkw ldqrb,M,Manager,Bangalore,Sales,xkw.ldqrb@company.com
897,bjmniw jir,M,Manager,Pune,Sales,bjmniw.jir@company.com
898,dyovgu xklil,M,Executive,Pune,Operations,dyovgu.xklil@company.com
899,pmqoqsxd ahrfdt,M,Region Head,Pune,Sales,pmqoqsxd.ahrfdt@company.com
900,rnqaiag tbdntsj,M,Region Head,Delhi,Sales,rnqaiag.tbdntsj@company.com
901,nhf xedzn,M,Region Head,Delhi,Operations,nhf.xedzn@company.com
902,iwxk ptfdb,F,Manager,Pune,Sales,iwxk.ptfdb@company.com
903,ich shi,F,Manager,Hyderabad,Operations,ich.shi@company.com
904,lltsobw tap,F,Executive,Bangalore,Operations,lltsobw.tap@company.com
905,kpczo eztn,M,Manager,Hyderabad,Technical,kpczo.eztn@company.com
906,rpu qxxbs,M,Region Head,Mumbai,Technical,rpu.qxxbs@company.com
907,kqpliyzmz vcwofyc,M,Manager,Pune,Sales,kqpliyzmz.vcwofyc@company.com
908,fry gewhwd,M,Region Head,Bangalore,Sales,fry.gewhwd@company.com
909,rqjzo bjpwgn,F,Manager,Bangalore,Technical,rqjzo.bjpwgn@company.com
910,ajyfcssfyz brhzbnc,F,Executive,Mumbai,Technical,ajyfcssfyz.brhzbnc@company.com
911,ohrjdvv hwf,M,Executive,Hyderabad,Technical,ohrjdvv.hwf@company.com
912,psg uvjdy,F,Manager,Pune,Operations,psg.uvjdy@company.com
913,qntblvwg thchu,M,Region Head,Pune,Operations,qntblvwg.thchu@company.com
914,beu xcklxeb,M,Region Head,Bangalore,Sales,beu.xcklxeb@company.com
915,jqxnihq tydj,M,Manager,Pune,Technical,jqxnihq.tydj@company.com
916,vmnmjcryt ubxyr,M,Region Head,Pune,Technical,vmnmjcryt.ubxyr@company.com
917,vkywpxk bcywqwg,F,Manager,Mumbai,Operations,vkywpxk.bcywqwg@company.com
918,lmfvantmr pvuteet,F,Region Head,Bangalore,Sales,lmfvantmr.pvuteet@company.com
919,lyqt asxqxk,F,Region Head,Pune,Sales,lyqt.asxqxk@company.com
920,ntcfyo wvccjl,F,Executive,Pune,Sales,ntcfyo.wvccjl@company.com
921,oihii abq,F,Manager,Bangalore,Operations,oihii.abq@company.com
922,gakjwn wziei,F,Region Head,Delhi,Operations,gakjwn.wziei@company.com
923,evs neo,F,Manager,Bangalore,Technical,evs.neo@company.com
924,slpc zgp,M,Executive,Mumbai,Technical,slpc.zgp@company.com
925,jtwfwyda fdxwsej,M,Region Head,Pune,Operations,jtwfwyda.fdxwsej@company.com
926,fgomaa exviplr,F,Manager,Delhi,Technical,fgomaa.exviplr@company.com
927,yjnwliamm jmun,M,Region Head,Bangalore,Operations,yjnwliamm.jmun@company.com
928,fgtuph bnnoord,M,Executive,Bangalore,Technical,fgtuph.bnnoord@company.com
929,spfipvgwh tibqrt,F,Manager,Hyderabad,Technical,spfipvgwh.tibqrt@company.com
930,nxdklk nehkrax,M,Executive,Pune,Technical,nxdklk.nehkrax@company.com
931,emvkcclwji ljph,F,Manager,Delhi,Sales,emvkcclwji.ljph@company.com
932,jmjce qrqrtxh,M,Executive,Hyderabad,Operations,jmjce.qrqrtxh@company.com
933,vxtzcm ofess,F,Executive,Hyderabad,Operations,vxtzcm.ofess@company.com
934,rthzjpdffo tnm,M,Region Head,Pune,Sales,rthzjpdffo.tnm@company.com
935,xwoqgkjjk rotm,F,Region Head,Delhi,Technical,xwoqgkjjk.rotm@company.com
936,dzc swhzxf,F,Manager,Hyderabad,Operations,dzc.swhzxf@company.com
937,ldwtm xpuprsm,F,Manager,Hyderabad,Operations,ldwtm.xpuprsm@company.com
938,xfoei epao,M,Manager,Pune,Operations,xfoei.epao@company.com
939,hihdj tdx,M,Manager,Bangalore,Operations,hihdj.tdx@company.com
940,wneumdt ywa,M,Region Head,Delhi,Sales,wneumdt.ywa@company.com
941,luaybtsdy hcluw,F,Manager,Delhi,Sales,luaybtsdy.hcluw@company.com
942,mdcai pdcg,F,Executive,Delhi,Sales,mdcai.pdcg@company.com
943,jqphm ejy,M,Executive,Bangalore,Sales,jqphm.ejy@company.com
944,stwmyl asqee,M,Region Head,Bangalore,Operations,stwmyl.asqee@company.com
945,lpajianm kpru,M,Manager,Pune,Operations,lpajianm.kpru@company.com
946,iesxjzmvt mpbledr,F,Executive,Pune,Sales,iesxjzmvt.mpbledr@company.com
947,pvcxfmxh jjf,M,Manager,Delhi,Operations,pvcxfmxh.jjf@company.com
948,mxpplnda lwwrtn,F,Region Head,Hyderabad,Operations,mxpplnda.lwwrtn@company.com
949,rkebjtzw suk,F,Executive,Pune,Operations,rkebjtzw.suk@company.com
950,dubvlzb vezl,F,Executive,Pune,Operations,dubvlzb.vezl@company.com
951,azuu kmvn,F,Executive,Mumbai,Operations,azuu.kmvn@company.com
952,dgto wsbg,F,Executive,Bangalore,Technical,dgto.wsbg@company.com
953,qfm bhcj,F,Manager,Pune,Sales,qfm.bhcj@company.com
954,zdd zmvpbc,F,Manager,Mumbai,Sales,zdd.zmvpbc@company.com
955,svq miqz,M,Executive,Delhi,Operations,svq.miqz@company.com
956,kywsfex galfrib,F,Executive,Delhi,Sales,kywsfex.galfrib@company.com
957,zcinnv gwov,M,Region Head,Delhi,Operations,zcinnv.gwov@company.com
958,kzf jev,F,Region Head,Mumbai,Technical,kzf.jev@company.com
959,pgp agbuu,M,Executive,Pune,Operations,pgp.agbuu@company.com
960,rmodtof pjxrj,F,Manager,Delhi,Sales,rmodtof.pjxrj@company.com
961,nlb ejodeic,F,Manager,Delhi,Operations,nlb.ejodeic@company.com
962,wall fnqioxa,M,Manager,Pune,Sales,wall.fnqioxa@company.com
963,surzbi mzv,F,Executive,Hyderabad,Operations,surzbi.mzv@company.com
964,nasrpuiofs hpgnbzm,F,Region Head,Delhi,Technical,nasrpuiofs.hpgnbzm@company.com
965,cqs khpwlg,F,Manager,Mumbai,Sales,cqs.khpwlg@company.com
966,nzuwjxs bybg,M,Executive,Pune,Sales,nzuwjxs.bybg@company.com
967,hyjqykkke olbmbc,F,Executive,Delhi,Sales,hyjqykkke.olbmbc@company.com
968,vwjulxptj gvtk,M,Region Head,Pune,Sales,vwjulxptj.gvtk@company.com
969,rfixaooqx cbxrlhz,M,Manager,Delhi,Sales,rfixaooqx.cbxrlhz@company.com
970,khiqt aqasqbv,M,Executive,Hyderabad,Technical,khiqt.aqasqbv@company.com
971,xodeem fmdc,F,Manager,Delhi,Sales,xodeem.fmdc@company.com
972,dovsszzs sflir,M,Region Head,Mumbai,Operations,dovsszzs.sflir@company.com
973,gysdtm sosjuco,F,Executive,Bangalore,Sales,gysdtm.sosjuco@company.com
974,dwmou kejxq,F,Manager,Delhi,Sales,dwmou.kejxq@company.com
975,qmbxhroo qczevr,F,Region Head,Mumbai,Operations,qmbxhroo.qczevr@company.com
976,ubt oliej,F,Executive,Hyderabad,Technical,ubt.oliej@company.com
977,nulqiyg ilabp,M,Manager,Hyderabad,Operations,nulqiyg.ilabp@company.com
978,zoqry tnur,F,Region Head,Bangalore,Operations,zoqry.tnur@company.com
979,szbzznua lqkor,M,Region Head,Bangalore,Sales,szbzznua.lqkor@company.com
980,ckv kfibowv,F,Executive,Bangalore,Sales,ckv.kfibowv@company.com
981,zfbxmqlnrr pswh,F,Manager,Hyderabad,Operations,zfbxmqlnrr.pswh@company.com
982,vfh pdeamne,F,Executive,Pune,Operations,vfh.pdeamne@company.com
983,uqlbwj vkkh,F,Region Head,Bangalore,Sales,uqlbwj.vkkh@company.com
984,dvyg iha,M,Executive,Delhi,Technical,dvyg.iha@company.com
985,oufjlj aiicpp,M,Executive,Mumbai,Technical,oufjlj.aiicpp@company.com
986,tmles ulghpz,M,Manager,Bangalore,Operations,tmles.ulghpz@company.com
987,smd rhx,F,Executive,Delhi,Technical,smd.rhx@company.com
988,jjazenzx njizlh,M,Region Head,Delhi,Sales,jjazenzx.njizlh@company.com
989,uiskxt tfko,M,Executive,Delhi,Technical,uiskxt.tfko@company.com
990,pvjrct chqupzi,M,Region Head,Mumbai,Operations,pvjrct.chqupzi@company.com
991,lyjkmict sxxqw,M,Region Head,Delhi,Operations,lyjkmict.sxxqw@company.com
992,ivgo brl,F,Region Head,Pune,Sales,ivgo.brl@company.com
993,fhxxf zzd,M,Executive,Pune,Operations,fhxxf.zzd@company.com
994,ovutmino eivmvfy,F,Executive,Delhi,Operations,ovutmino.eivmvfy@company.com
995,fzabbwscj bjvkv,M,Region Head,Hyderabad,Technical,fzabbwscj.bjvkv@company.com
996,lxsvwk rvet,F,Manager,Mumbai,Sales,lxsvwk.rvet@company.com
997,jdo utfm,M,Manager,Bangalore,Operations,jdo.utfm@company.com
998,yijpubduo uvyllp,M,Manager,Pune,Sales,yijpubduo.uvyllp@company.com
999,yjyt jols,M,Region Head,Delhi,Sales,yjyt.jols@company.com
